/*
SQLyog Community v13.1.9 (64 bit)
MySQL - 8.0.28 : Database - bloom
*********************************************************************
*/

/*!40101 SET NAMES utf8 */;

/*!40101 SET SQL_MODE=''*/;

/*!40014 SET @OLD_UNIQUE_CHECKS=@@UNIQUE_CHECKS, UNIQUE_CHECKS=0 */;
/*!40014 SET @OLD_FOREIGN_KEY_CHECKS=@@FOREIGN_KEY_CHECKS, FOREIGN_KEY_CHECKS=0 */;
/*!40101 SET @OLD_SQL_MODE=@@SQL_MODE, SQL_MODE='NO_AUTO_VALUE_ON_ZERO' */;
/*!40111 SET @OLD_SQL_NOTES=@@SQL_NOTES, SQL_NOTES=0 */;
CREATE DATABASE /*!32312 IF NOT EXISTS*/`bloom` /*!40100 DEFAULT CHARACTER SET utf8mb4 COLLATE utf8mb4_0900_ai_ci */ /*!80016 DEFAULT ENCRYPTION='N' */;

USE `bloom`;

/*Table structure for table `bloom_author` */

DROP TABLE IF EXISTS `bloom_author`;

CREATE TABLE `bloom_author` (
  `authorId` int NOT NULL AUTO_INCREMENT,
  `authorName` varchar(50) DEFAULT NULL,
  `nationId` varchar(2) DEFAULT NULL,
  `authorIntro` text,
  `regDate` timestamp NULL DEFAULT CURRENT_TIMESTAMP,
  `updateDate` timestamp NULL DEFAULT CURRENT_TIMESTAMP,
  PRIMARY KEY (`authorId`),
  KEY `nationId` (`nationId`),
  CONSTRAINT `bloom_author_ibfk_1` FOREIGN KEY (`nationId`) REFERENCES `bloom_nation` (`nationId`)
) ENGINE=InnoDB AUTO_INCREMENT=64 DEFAULT CHARSET=utf8mb4 COLLATE=utf8mb4_0900_ai_ci;

/*Data for the table `bloom_author` */

insert  into `bloom_author`(`authorId`,`authorName`,`nationId`,`authorIntro`,`regDate`,`updateDate`) values 
(1,'김영하','01','출생: 1968년 11월 11일','2022-07-14 20:18:30','2022-07-14 20:18:30'),
(2,'다자이 오사무','02','출생: 1909년 6월 19일','2022-07-14 20:19:00','2022-07-14 20:19:00'),
(3,'에밀리 브론테','02','출생: 1818년 7월 30일','2022-07-14 20:19:29','2022-07-14 20:19:29'),
(4,'한강','01','출생: 1970년 11월 27일 ','2022-07-14 20:20:06','2022-07-14 20:20:06'),
(5,'나태주','01','출생: 1945년 3월 16일','2022-07-14 20:21:11','2022-07-14 20:21:11'),
(6,'윤동주','01','출생: 1917년 12월 30일','2022-07-14 20:21:47','2022-07-14 20:21:47'),
(7,'앨빈 토플러','02','출생: 1928년 10월 3일','2022-07-14 20:23:26','2022-07-14 20:23:26'),
(8,'피터 틸','02','출생: 1967년 10월 11일','2022-07-14 20:26:01','2022-07-14 20:26:01'),
(9,'데일 카네기','02','출생: 1888년 11월 24일','2022-07-14 20:27:31','2022-07-14 20:27:31'),
(10,'스콧 애덤스','02','출생: 1957년 6월 8일','2022-07-14 20:32:33','2022-07-14 20:32:33'),
(11,'유발 하라리','02','출생: 1976년 2월 24일','2022-07-14 20:34:20','2022-07-14 20:34:20'),
(12,'마이클 샌델','02','출생: 1953년 3월 5일','2022-07-14 20:35:11','2022-07-14 20:35:11'),
(13,'와타나베 준이치','02','출생: 1933년 10월 24일','2022-07-14 20:36:17','2022-07-14 20:36:17'),
(14,'재레드 다이아몬드','02','출생: 1937년 9월 10일','2022-07-14 20:38:09','2022-07-14 20:38:09'),
(15,'니시오카 후미히코','02','출생: 1952년','2022-07-14 20:45:56','2022-07-14 20:45:56'),
(16,'칼 세이건','02','출생: 1934년 11월 9일','2022-07-14 20:46:54','2022-07-14 20:46:54'),
(17,'리처드 도킨스','02','출생: 1941년 3월 26일','2022-07-14 20:47:25','2022-07-14 20:47:25'),
(18,'정재승','01','출생: 1972년 5월 6일','2022-07-14 20:48:11','2022-07-14 20:48:11'),
(19,'김상욱','01','출생: 1970년','2022-07-14 20:48:51','2022-07-14 20:48:51'),
(20,'빌 게이츠','02','출생: 1955년 10월 28일','2022-07-14 20:50:53','2022-07-14 20:50:53'),
(21,'티머시 스나이더','02','출생: 1818년 8월 18일','2022-07-14 20:53:25','2022-07-14 20:53:25'),
(22,'프리드리히 니체','01','출생: 1844년 10월 15일','2022-07-14 20:57:25','2022-07-14 20:57:25'),
(23,'니콜로 마키아벨리','02','출생: 1469년 5월 3일 ','2022-07-14 20:58:03','2022-07-14 20:58:03'),
(24,'Lee, Min Jin','01','born 1968','2022-07-14 21:00:56','2022-07-14 21:15:19'),
(25,'Haig, Matt','02','born August 20, 1985','2022-07-14 21:13:30','2022-07-14 21:13:30'),
(26,'Mitch Albom','02','born May 23, 1958','2022-07-14 21:14:45','2022-07-14 21:14:45'),
(27,'George Orwell','02','born June 25, 1903','2022-07-14 21:16:25','2022-07-14 21:16:25'),
(28,'Spencer Johnson','02','born November 24, 1938','2022-07-14 21:18:01','2022-07-14 21:18:01'),
(29,'James Stewart','02','born May 20, 1908','2022-07-14 21:19:45','2022-07-14 21:19:45'),
(30,'Tim Marshall','02','born May 1, 1959','2022-07-14 21:21:13','2022-07-14 21:21:46'),
(31,'Harper Lee','02','born April 28, 1926','2022-07-14 21:22:46','2022-07-14 21:22:46'),
(32,'Paulo Coelho','02','born August 24, 1947','2022-07-14 21:24:06','2022-07-14 21:24:06'),
(33,'김재원','01','출생: 1980년 11월 1일','2022-07-15 14:40:41','2022-07-15 14:40:41'),
(34,'빌 브라이슨','02','출생: 1951년 12월 8일','2022-07-15 14:47:07','2022-07-15 14:57:49'),
(35,'벤 윌슨','02','출생: 1970년 5월 12일','2022-07-15 14:51:47','2022-07-15 14:57:39'),
(36,'우스이 류이치로','02','출생: 1946년','2022-07-15 14:57:29','2022-07-15 14:57:29'),
(37,'마틴 래디','02','출생: 1955년','2022-07-15 15:01:46','2022-07-15 15:01:46'),
(38,'조던 앨렌버그','02','출생: 1971년 10월 30일','2022-07-15 15:04:39','2022-07-15 15:04:39'),
(39,'오스카 E. 페르난데스','02','출생: 1985년','2022-07-15 15:09:04','2022-07-15 15:09:04'),
(40,'김동기','01','출생: 1977년 3월 19일','2022-07-15 15:13:06','2022-07-15 15:13:06'),
(41,'남재작','01','출생: 1976년 11월 11일','2022-07-15 15:16:33','2022-07-15 15:16:33'),
(42,'B. A. 패리스','02','출생: 1958년','2022-07-15 15:42:15','2022-07-15 15:42:15'),
(43,'알랭 드 보통','02','출생: 1962년 12월 20일','2022-07-15 15:52:19','2022-07-15 15:52:19'),
(44,'라이너 마리아 릴케','02','출생: 1875년 12월 4일','2022-07-15 15:55:18','2022-07-15 15:55:18'),
(45,'샤를 보들레르','02','출생: 1824년 4월 9일','2022-07-15 15:58:04','2022-07-15 15:58:04'),
(46,'피터 드러커','02','출생: 1909년 11월 19일','2022-07-15 16:10:41','2022-07-15 16:10:41'),
(47,'팀 페리스','02','출생: 1977년 07월 20일','2022-07-15 16:22:18','2022-07-15 16:22:18'),
(48,'존 그레이','02','출생: 1951년','2022-07-15 16:45:42','2022-07-15 16:45:42'),
(49,'기시미 이치로','02','출생: 1956년','2022-07-15 16:51:46','2022-07-15 16:51:46'),
(50,'하임 G. 기너트','02','출생: 1922년 8월 5일','2022-07-15 16:59:43','2022-07-15 16:59:43'),
(51,'로랑 셰페르','02','출생: 1981년 ','2022-07-15 20:24:35','2022-07-15 20:24:35'),
(52,'Louise Gluck ','02','born April 22, 1943','2022-07-15 20:49:43','2022-07-15 20:49:43'),
(53,'William Shakespeare','02','출생: 1564년 4월 26일','2022-07-15 20:55:38','2022-07-15 20:55:38'),
(54,'Mehmet Yavas','02','','2022-07-15 21:09:59','2022-07-15 21:09:59'),
(55,'Bas Aarts','02','','2022-07-15 21:17:02','2022-07-15 21:17:02'),
(56,'Peter Singer','02','','2022-07-15 21:21:13','2022-07-15 21:21:13'),
(57,'Adam Grant','02','born August 13, 1981','2022-07-15 21:25:37','2022-07-15 21:25:37'),
(58,'Morgan Housel','02','','2022-07-18 20:40:03','2022-07-18 20:40:03'),
(59,'DeMarco, M J','02','','2022-07-18 20:42:55','2022-07-18 20:42:55'),
(60,'Smil, Vaclav','02','','2022-07-18 20:45:58','2022-07-18 20:45:58'),
(61,'JEARL WALKER','02','','2022-07-18 20:57:08','2022-07-18 20:57:08'),
(62,'James Stewart','02','','2022-07-18 21:14:25','2022-11-28 15:16:14');

/*Table structure for table `bloom_bcate` */

DROP TABLE IF EXISTS `bloom_bcate`;

CREATE TABLE `bloom_bcate` (
  `tier` int NOT NULL,
  `cateName` varchar(30) NOT NULL,
  `cateCode` varchar(30) NOT NULL,
  `cateParent` varchar(30) DEFAULT NULL,
  PRIMARY KEY (`cateCode`),
  KEY `cateParent` (`cateParent`),
  CONSTRAINT `bloom_bcate_ibfk_1` FOREIGN KEY (`cateParent`) REFERENCES `bloom_bcate` (`cateCode`)
) ENGINE=InnoDB DEFAULT CHARSET=utf8mb4 COLLATE=utf8mb4_0900_ai_ci;

/*Data for the table `bloom_bcate` */

insert  into `bloom_bcate`(`tier`,`cateName`,`cateCode`,`cateParent`) values 
(1,'국내','100000',NULL),
(2,'소설','101000','100000'),
(3,'한국소설','101001','101000'),
(3,'영미소설','101002','101000'),
(3,'일본소설','101003','101000'),
(2,'시/에세이','102000','100000'),
(3,'한국시','102001','102000'),
(3,'해외시','102002','102000'),
(3,'에세이','102003','102000'),
(2,'경제/경영','103000','100000'),
(3,'경영일반','103001','103000'),
(3,'경영이론','103002','103000'),
(3,'경제일반','103003','103000'),
(3,'경제이론','103004','103000'),
(2,'자기계발','104000','100000'),
(3,'성공/처세','104001','104000'),
(3,'자기계발','104002','104000'),
(3,'인간관계','104003','104000'),
(2,'인문','105000','100000'),
(3,'심리학','105001','105000'),
(3,'교육학','105002','105000'),
(3,'철학','105003','105000'),
(3,'인문학','105004','105000'),
(2,'역사/문화','106000','100000'),
(3,'역사일반','106001','106000'),
(3,'세계사','106002','106000'),
(3,'한국사','106003','106000'),
(3,'서양사','106004','106000'),
(2,'과학','107000','100000'),
(3,'과학이론','107001','107000'),
(3,'수학','107002','107000'),
(3,'물리학','107003','107000'),
(2,'정치/사회','108000','100000'),
(3,'사회학','108001','108000'),
(3,'정치','108002','108000'),
(3,'사회/복지','108003','108000'),
(3,'천문학','172004','107000'),
(3,'교양과학','172005','107000'),
(1,'국외','200000',NULL),
(2,'문학','201000','200000'),
(3,'소설','201001','201000'),
(3,'시','201002','201000'),
(3,'희곡','201003','201000'),
(2,'인문/사회','202000','200000'),
(3,'교양','202001','202000'),
(3,'철학','202002','202000'),
(2,'경제/경영','203000','200000'),
(3,'경제학','203001','203000'),
(3,'경영학','203002','203000'),
(3,'투자','203003','203000'),
(2,'과학/기술','204000','200000'),
(3,'교양과학','204001','204000'),
(3,'물리학','204002','204000'),
(3,'수학','204003','204000');

/*Table structure for table `bloom_book` */

DROP TABLE IF EXISTS `bloom_book`;

CREATE TABLE `bloom_book` (
  `bookId` int NOT NULL AUTO_INCREMENT,
  `bookName` varchar(50) NOT NULL,
  `authorId` int DEFAULT NULL,
  `publicYear` date NOT NULL,
  `publisher` varchar(70) NOT NULL,
  `cateCode` varchar(30) DEFAULT NULL,
  `bookPrice` int NOT NULL,
  `bookStock` int NOT NULL,
  `bookDiscount` decimal(2,2) DEFAULT NULL,
  `bookIntro` text,
  `bookContents` text,
  `regDate` timestamp NULL DEFAULT CURRENT_TIMESTAMP,
  `updateDate` timestamp NULL DEFAULT CURRENT_TIMESTAMP,
  `ratingAvg` decimal(2,1) DEFAULT NULL,
  PRIMARY KEY (`bookId`),
  KEY `authorId` (`authorId`),
  KEY `cateCode` (`cateCode`),
  CONSTRAINT `bloom_book_ibfk_1` FOREIGN KEY (`authorId`) REFERENCES `bloom_author` (`authorId`),
  CONSTRAINT `bloom_book_ibfk_2` FOREIGN KEY (`cateCode`) REFERENCES `bloom_bcate` (`cateCode`)
) ENGINE=InnoDB AUTO_INCREMENT=85 DEFAULT CHARSET=utf8mb4 COLLATE=utf8mb4_0900_ai_ci;

/*Data for the table `bloom_book` */

insert  into `bloom_book`(`bookId`,`bookName`,`authorId`,`publicYear`,`publisher`,`cateCode`,`bookPrice`,`bookStock`,`bookDiscount`,`bookIntro`,`bookContents`,`regDate`,`updateDate`,`ratingAvg`) values 
(1,'오직 두 사람',1,'2022-07-04','복복서가','101001',13000,200,0.10,'<p><strong>더 성숙한 아이러니의 세계로</strong><br><strong>김영하의 『오직 두 사람』</strong></p><p>&nbsp;</p><p>김영하 등단 25주년을 맞이해 시작된 ‘복복서가×김영하 소설’ 시리즈 2차분 3종이 출간되었다. 김영하라는 이름을 문단과 대중에 뚜렷이 각인시킨 첫 장편소설 『나는 나를 파괴할 권리가 있다』, 분단 이후 한국문학사에 새로운 이정표를 세운 『빛의 제국』, 그리고 비교적 최근작인 소설집 『오직 두 사람』이다. 7년간 지면에 발표한 단편들을 모은 『오직 두 사람』은 작가로서 김영하의 내적 전환이 일어나는 과정을 엿볼 수 있는, 의미심장한 분기점이 되는 작품집이다. 제36회 이상문학상 수상작 「옥수수와 나」, 제9회 김유정문학상 수상작 「아이를 찾습니다」, 제26회 오영수문학상 수상작 「오직 두 사람」이 포함되었다.</p><p>&nbsp;</p>','<h2>목차</h2><p>오직 두 사람 _ 9<br>아이를 찾습니다 _ 45<br>인생의 원점 _ 91<br>옥수수와 나 _117<br>슈트 _179<br>최은지와 박인수 _201<br>신의 장난 _245<br><br>작가의 말 _281</p>','2022-07-14 21:27:32','2022-07-14 21:39:37',NULL),
(2,'검은 꽃',1,'2020-07-20','복복서가','101001',11000,300,0.10,'<p><strong>김영하의 『검은 꽃』,</strong><br><strong>숨이 멎을 듯한 대서사시의 결정판을 만나다!</strong></p><p>&nbsp;</p><p>복복서가에서는 2020년 김영하 등단 25주년을 맞아, \'복복서가x김영하_소설\'이라는 이름으로 장편소설과 소설집을 새로이 출간한다. 『검은 꽃』, 『엘리베이터에 낀 그 남자는 어떻게 되었나』, 『아랑은 왜』 세 권을 먼저 선보인 후, 2022년까지 총 열두 권을 낼 계획이다. 『검은 꽃』은 작가 김영하의 세번째 장편소설로 2003년 문학동네에서 초판이 출간되었다.</p><p>&nbsp;</p>','<h2>목차</h2><p>제1부<br>제2부<br>제3부<br>에필로그<br><br>해설 | 남진우(시인·문학평론가)<br>무無를 향한 긴 여정<br><br>작품론 | 서영채(문학평론가)<br>질주하는 아이러니<br><br>개정판을 내며<br>도움받은 책들</p>','2022-07-14 21:31:04','2022-07-14 21:39:23',NULL),
(3,'작별인사',1,'2022-05-02','복복서가','101001',14000,100,0.10,'<p><strong>누구도 도와줄 수 없는 상황, 혼자 헤쳐나가야 한다</strong><br><strong>지켜야 할 약속, 붙잡고 싶은 온기</strong></p><p>&nbsp;</p><p>김영하가 『살인자의 기억법』 이후 9 년 만에 내놓는 장편소설 『작별인사』는 그리 멀지 않은 미래를 배경으로, 별안간 삶이 송두리째 뒤흔들린 한 소년의 여정을 좇는다. 유명한 IT 기업의 연구원인 아버지와 쾌적하고 평화롭게 살아가던 철이는 어느날 갑자기 수용소로 끌려가 난생처음 날것의 감정으로 가득한 혼돈의 세계에 맞닥뜨리게 되면서 정신적, 신체적 위기에 직면한다. 동시에 자신처럼 사회에서 배제된 자들을 만나 처음으로 생생한 소속감을 느끼고 따뜻한 우정도 싹틔운다. 철이는 그들과 함께 수용소를 탈출하여 집으로 돌아가기 위해 길을 떠나지만 그 여정에는 피할 수 없는 질문이 기다리고 있다.</p><p>&nbsp;</p>','<h2>목차</h2><p>직박구리를 _묻어주던 _날 _11<br>당신은 _우리와 _함께 _가야 _합니다 _23<br>바깥이 _있었다 _41<br>사람으로 _산다는 _것 _53<br>사용감 _71<br>실패한 _쇼핑의 _증거 _89<br>탈출 _101<br>꿈에서 _본 _풍경 _115<br>겨울 _호수와 _물수리 _129<br>달마 _137<br>재판 _171<br>끝이 _오면 _알 _수 _있어 _189<br>몸속의 _스위치 _205<br>기계의 _시간 _217<br>고양이가 _되다 _233<br>순수한 _의식 _239<br>아빠의 _마음에 _찾아온 _평화 _253<br>신선 _263<br>마지막 _인간 _271<br>작가의 말 299</p>','2022-07-14 21:38:19','2022-07-14 21:38:19',NULL),
(4,'살인자의 기억법',1,'2020-08-28','복복서가','101001',10000,299,0.10,'<p><strong>2020 독일 추리문학상 국제부문 수상</strong><br><strong>2020 독일 독립출판사 문학상 수상</strong><br><strong>2020 독일 최고 추리소설 선정</strong><br><strong>2018 일본 번역대상 수상</strong></p><p>&nbsp;</p><p>치밀한 구성과 대담한 문체,<br>묵직한 주제와 위트로<br>전 세계 독자를 사로잡은 최고의 심리스릴러 『살인자의 기억법』</p><p>&nbsp;</p>','<h2>목차</h2><p>살인자의 기억법<br><br>작품론 | 류보선(문학평론가)<br>수치심과 죄책감 사이<br>혹은 우리 시대의 윤리<br><br>초판 작가의 말<br>이 소설은 내 소설이다</p>','2022-07-14 21:41:58','2022-07-14 21:41:58',NULL),
(5,'소년이 온다',4,'2014-05-19','창비','101001',14000,200,0.10,'<p><strong>고통스럽게 되살려낸 5월 광주</strong></p><p>&nbsp;</p><p>한국인 최초 맨부커상 수상작가 한강의 여섯 번째 장편소설 『소년이 온다』. 1980년 5월 18일부터 열흘간 있었던 광주민주화운동 당시의 상황과 그 이후 남겨진 사람들의 이야기를 들려주는 소설이다. 2013년 11월부터 2014년 1월까지 창비문학블로그 ‘창문’에서 연재했던 작품으로 지금까지의 작품세계를 한 단계 끌어올렸다는 평가를 받았다. 철저한 고증과 취재를 통해 저자 특유의 정교하고도 밀도 있는 문장으로 계엄군에 맞서 싸우다 죽음을 맞게 된 중학생 동호와 주변 인물들의 고통 받는 내면을 생생하게 그려냈다.</p><p>&nbsp;</p>','<h2>목차</h2><p>1장 어린 새<br>2장 검은 숨<br>3장 일곱개의 뺨<br>4장 쇠와 피<br>5장 밤의 눈동자<br>6장 꽃 핀 쪽으로<br>에필로그 눈 덮인 램프</p>','2022-07-14 21:43:28','2022-07-14 21:43:28',NULL),
(6,'바람이 분다 가라',4,'2012-02-06','문학과지성사','101001',12000,300,0.10,'<p><strong>삶과 죽음의 날카로운 경계 위에서 살아가다!</strong></p><p>&nbsp;</p><p>한국인 최초 맨부커상 수상 작가 한강의 네 번째 장편소설 『바람이 분다, 가라』. 나직하면서도 힘 있는 문장과 시정 어린 문체로 인간의 본질적인 욕망과 삶의 진실을 탐문해온 작가 한강이 삶과 죽음의 경계 위에서 간절하게 숨 쉬는 사람들의 이야기를 들려준다.<br><br>촉망 받던 한 여자 화가의 죽음을 둘러싼 의문을 중심으로, 각자가 믿는 진실을 증명하기 위해 온몸으로 부딪치고 상처 입는 사람들의 이야기를 그리고 있다. 새벽의 미시령 고개에서 40년이란 시간의 차이를 두고 일어난 두 차례의 사고, 그리고 거기에 얽힌 인물들의 내밀한 사연과 진실이 현재와 과거를 오가며 펼쳐진다.</p><p>&nbsp;</p>','<h2>목차</h2><p>1 450킬로미터<br>2 플랑크의 시간<br>3 먹은 붉고 피는 검다<br>4 마그마의 바다<br>5 검은 하늘의 패러독스<br>6 달의 뒷면<br>7 얼음 화산<br>8 처음의 빛<br>9 파란 돌<br>10 바람이 분다, 가라<br><br>작가의 말</p>','2022-07-14 21:45:12','2022-07-14 21:45:12',NULL),
(7,'흰',4,'2018-04-25','문학동네','101001',12500,300,0.10,'<p><strong>결코 더럽혀지지 않는, 절대로 더럽혀질 수가 없는 어떤 흰 것에 관한 이야기!</strong></p><p>&nbsp;</p><p>한국인 최초 맨부커상 수상 작가 한강의 소설 『흰』. 2018년 맨부커 인터네셔널 부문 최종후보작으로 선정된 이 작품은, 2013년 겨울에 기획해 2014년에 완성된 초고를 바탕으로 글의 매무새를 닳도록 만지고 또 어루만져서 2016년 5월에 처음 펴냈던 책이다. 삶과 죽음이라는 경계를 무력하게 만드는 이 소설은 한 권의 시집으로 읽힘에 손색이 없는 65편의 이야기로 구성되어 있다.<br><br>강보, 배내옷, 각설탕, 입김, 달, 쌀, 파도, 백지, 백발, 수의…. 작가로부터 불려나온 흰 것의 목록은 총 65개의 이야기로 파생되어 ‘나’와 ‘그녀’와 ‘모든 흰’이라는 세 개의 장 아래 담겨 있다. 한 권의 소설이지만 각 소제목, 흰 것의 목록들 아래 각각의 이야기들이 그 자체로 밀도 있는 완성도를 자랑한다.</p><p>&nbsp;</p>','<h2>목차</h2><p>1장 - 나 ㆍ 007<br><br>2장 - 그녀 ㆍ 045<br><br>3장 - 모든 흰 ㆍ 115<br><br>해설 권희철(문학평론가)｜우리가 인간이라는 사실과 싸우는 일은 어떻게 가능한가? ㆍ 141<br><br>작가의 말 ㆍ 181</p>','2022-07-14 21:46:43','2022-07-14 21:46:43',NULL),
(8,'검은 사슴',4,'2017-12-20','문학동네','101001',15500,300,0.10,'<p><strong>온 감각을 동원해 존재의 심연에 자리한 고통을 세밀하게 그려내다!</strong></p><p>&nbsp;</p><p>지난 20년간 문학동네를 통해 독자와 만나온 빛나는 작품들을 새롭게 선보이는 「문학동네 한국문학전집」 제24권 『검은 사슴』. 21세기 한국문학의 정전을 완성하고자 구성한 「문학동네 한국문학전집」의 스물네 번째 작품은 세련되고 충격적인 이미지, 우아하고 힘 있는 묘사, 그것들을 하나로 꿰는 견고한 서사를 바탕으로 등단 이후 줄곧 문단과 독자들에게 강렬한 독서 체험을 선사해준 한강의 첫 장편소설이다.</p><p>&nbsp;</p>','<h2>목차</h2><p>꿈 _009<br><br>나신의 여자 _039<br><br>늙은 개 _067<br><br>흉터 _110<br><br>그의 누이 _134<br><br>폐광의 겨울 _187<br><br>검은 사슴 _243<br><br>그믐밤 국도 _282<br><br>흰 복사뼈 _319<br><br>어둠의 땅 _351<br><br>천국의 대합실 _373<br><br>연 지는 골짜기 _386<br><br>침묵의 빛 _443<br><br>약초꽃 피는 때 _464<br><br>그녀는 돌아오지 않는다 _508<br><br>에필로그·어둠강 저편 _538<br><br>해설｜백지은(문학평론가)<br>끈질기게 따라가서 마침내 _565</p>','2022-07-14 21:48:11','2022-07-14 21:48:11',NULL),
(9,'인간 실격',2,'2012-04-10','민음사','101003',9000,300,0.10,'<p><strong>청춘의 한 시기를 통과 의례처럼 거쳐야 하는 일본 데카당스 문학의 대표작</strong></p><p>&nbsp;</p><p>오직 순수함만을 갈망하던 여린 심성의 한 젊은이가 인간들의 위선과 잔인함에 의해 파멸되어 가는 과정을 그린 소설.1948년 서른아홉의 나이로 요절하여 일본 사회에 큰 파장을 남긴 일본 현대 문학의 대표적 작가 다자이 오사무의 작품이다. 어떻게든 사회에 융화되고자 애쓰고, 순수한 것, 더럽혀지지 않은 것에 꿈을 의탁하고, 인간에 대한 구애를 시도하던 주인공이 결국 모든 것에 배반당하고 인간 실격자가 되어가는 패배의 기록을 통해 현대 사회를 예리한 고발하고 있다. 함께 실린 \'직소\'에서는 유다의 인간적인 측면을 저자만의 독특한 시선으로 새로이 조명하고 있다.</p><p>&nbsp;</p>','<h2>목차</h2><p>인간 실격<br>- 서문<br>- 첫 번째 수기<br>- 두 번째 수기<br>- 세 번째 수기<br>- 후기<br>직소<br>- 작품 해설 / 김춘미<br>- 작가 연보</p>','2022-07-14 21:49:59','2022-07-14 21:49:59',NULL),
(10,'사양',2,'2018-09-21','민음사','101003',10000,300,0.10,'<p><strong>자기 파멸의 상징, 다자이 오사무 문학의 전모가 가장 잘 드러난 역작!</strong></p><p>&nbsp;</p><p>다자이 오사무 생전에 가장 큰 사랑을 받은 소설 『사양』. 패전 후, 정신적 공황 상태에 빠진 일본의 젊은이들에게 열렬한 지지를 받았던 저자가 1947년에 출간한 작품으로, 단숨에 베스트셀러를 기록했다. 당대에 몰락하는 귀족을 지칭하는 ‘사양족’이라는 유행어를 낳을 정도로 일본 사회에 일대 파문을 일으켰다.</p><p>&nbsp;</p>','<h2>목차</h2><p>사양 7<br><br>작품 해설 165<br>작가 연보 173</p>','2022-07-15 10:37:51','2022-07-15 10:37:51',NULL),
(11,'만년',2,'2021-07-09','민음사','101003',14000,500,0.10,'<p><strong>“나는 오직 이 책 한 권을 쓰기 위해 태어났다.”</strong><br><br><strong>『사양』, 『인간 실격』의 작가 다자이 오사무의 출현을 예고한 첫 창작집</strong><br><strong>흔들리는 존재를 끌어안는 영원한 청춘 문학</strong></p><p>&nbsp;</p><p>다자이 오사무의 첫 창작집 『만년』이 민음사 세계문학전집 382번으로 출간되었다. 1997년 소화출판사에서 같은 역자가 문고본으로 출간했던 것을 이십사 년 만에 완역했고 기존 번역도 전면적으로 손보았다. 유숙자 역자는 “거의 산문시에 가까운 문장들이 작품 곳곳에 섞여 있고, 한 편의 시나 다름없는 작품도 있”어 오늘날의 감각에 맞게 문장의 길이, 단어의 품사, 어투까지 세심하게 다듬으며 작가 특유의 리듬감을 살리기 위해 노력했다고 밝혔다.</p><p>&nbsp;</p>','<h2>목차</h2><p>잎 7<br>추억 25<br>어복기(魚服記) 73<br>열차 84<br>지구도(地球圖) 90<br>원숭이 섬 101<br>참새 112<br>어릿광대의 꽃 117<br>원숭이 얼굴을 한 젊은이 174<br>역행 197<br>그는 옛날의 그가 아니다 216<br>로마네스크 262<br>완구 292<br>도깨비불 300<br>장님 이야기 324<br><br>작품 해설 335<br>작가 연보 343</p>','2022-07-15 10:40:12','2022-07-15 10:40:12',NULL),
(12,'하늘과 바람과 별과 시',6,'2022-02-06','스타북스','102001',13000,300,0.10,'<p><strong>서거 77주년 탄생 105주년 기념 ‘하늘과 바람과 별과 시’</strong><br><strong>스테디셀러 『윤동주 전 시집』의 고급양장 뉴 에디션</strong></p><p>&nbsp;</p><p>“3국을 아우르며 나날이 인기를 더해가는 영원한 청년 시인!”<br><br>2022년 윤동주 서거 77주년과 탄생 105주년을 맞아 새롭게 편집한 『윤동주 전 시집 ‘하늘과 바람과 별과 시’』는 윤동주 시인의 작품 전체를 비롯해 발문 및 후기까지를 모두 발굴하여 한 권에 담은 유일한 시집이다. 이 시집은 2017년 윤동주 탄생 100주년을 기념해 소실되지 않은 윤동주의 시와 수필 전체뿐만 아니라, 윤동주를 위해 쓰여진 서문과 후기와 발문 등도 모두 취합하여 발간하여 스테디셀러가 된 『윤동주 전 시집』을 윤동주 서거 77주년을 기념하기 위해 누구나 보기 쉽고 편하게 읽을 수 있도록 깔끔하게 편집과 디자인을 새로 했다.</p><p>&nbsp;</p>','<h2>목차</h2><p>프롤로그<br><br>서시(序詩) “하늘과 바람과 별과 시(詩)”<br><br>1. 하늘과 바람과 별과 시<br>자화상(自畵像) | 소년(少年) | 눈 오는 지도(地圖) | 돌아와 보는 밤 | 병원(病院) | 새로운 길 | 간판(看板)없는 거리 | 태초(太初)의 아침 | 또 태초(太初)의 아침 | 새벽이 올 때까지 | 무서운 시간(時間) | 십자가(十字架) | 바람이 불어 | 슬픈 족속(族屬) | 눈감고 간다 | 또 다른 고향 | 길 | 별 헤는 밤<br><br>2. 흰 그림자<br>흰 그림자 | 사랑스런 추억(追憶) | 흐르는 거리 | 쉽게 씌어진 시(詩) | 봄<br><br>3. 밤<br>밤 | 유언(遺言) | 아우의 인상화(印象畵) | 위로(慰勞) | 간(肝) | 산골물 | 참회록(懺悔錄)<br><br>4. 팔복<br>팔복(八福) | 못 자는 밤 | 달같이 | 고추 밭 | 사랑의 전당(殿堂) | 이적(異蹟) | 비오는 밤 | 창(窓) | 바다 | 비로봉(毘盧峰) | 산협(山峽)의 오후(午後) | 명상(瞑想) | 소낙비 | 한난계(寒暖計) | 풍경(風景) | 달밤 | 장 | 황혼(黃昏)이 바다가 되어 | 아침 | 빨래 | 꿈은 깨어지고 | 산림(山林) | 이런 날 | 산상(山上) | 양지(陽地)쪽 | 닭 | 가슴 1 | 가슴 3 | 비둘기 | 황혼(黃昏) | 남(南)쪽 하늘 | 창공(蒼空) | 거리에서 | 삶과 죽음 | 초 한 대<br><br>5. 산울림<br>산울림 | 해바라기 얼굴 | 귀뜨라미와 나와 | 애기의 새벽 | 햇빛·바람 | 반디불 | 둘 다 | 거짓부리 | 눈 | 참새 | 버선본 | 편지 | 봄 | 무얼 먹고 사나 | 굴뚝 | 햇비 | 빗자루 | 기왓장 내외 | 오줌싸개 지도 | 병아리 | 조개껍질 | 겨울<br><br>6. 식권<br>식권(食券) | 종달새 | 이별(離別) | 모란봉(牡丹峰)에서 | 오후(午後)의 구장(球場) | 곡간(谷間) | 그 여자(女子) | 비애(悲哀) | 코스모스 | 장미(薔薇) 병들어 | 공상(空想) | 내일은 없다 | 호주머니 | 개 | 고향집 | 가을밤 | 비행기 | 나무 | 사과 | 눈 | 닭 | 할아버지 | 만돌이<br><br>7. 산문<br>투르게네프의 언덕 | 달을 쏘다 | 별똥 떨어진 데 | 화원(花園)에 꽃이 핀다 | 종시(終始)<br><br>8. 나중에 발굴된 시<br>가슴 2 | 창구멍 | 개 2 | 울적 | 야행 | 비ㅅ뒤 | 어머니 | 가로수<br><br>9. 서문·후기·발문<br>서(序) - 정지용<br>창밖에 있거든 두다리라 - 유영<br>발문(跋文) - 강처중<br>후기(後記) - 정병욱<br>선백(先伯)의 생애 - 윤일주<br>암흑기 하늘의 별 - 백철<br>윤동주의 시 - 박두진<br>동주 형의 추억 - 문익환<br>인간 윤동주 - 장덕순<br>추기(追記) - 윤일주<br>3판을 내면서 - 정병욱<br><br>윤동주 연보</p>','2022-07-15 10:45:15','2022-07-15 10:45:15',NULL),
(13,'앨빈 토플러 부의 미래',7,'2022-06-22','청림출판','103003',33000,300,0.10,'<p><strong>지식 기반 사회의 도래를 예측한</strong><br><strong>세계적 미래학자 앨빈 토플러가 남긴 가장 위대한 통찰</strong></p><p>&nbsp;</p><p>세상을 보는 남다른 통찰력으로 미래를 예견하고, 인류의 앞날을 제시한 앨빈 토플러. 그가 예견한 미래가 우리 눈앞에 이미 펼쳐져 있다!<br>앨빈 토플러의 눈으로 경제와 사회의 시스템을 읽는다면? 부의 이동을 이해하게 될 것이다. 나아가 그가 정리한 부 창출 시스템과 심층 기반을 익힌다면? 앞날을 예측하는 힘을 기를 수 있다. 물가 상승·저성장·불황·치솟는 실업률·예측 불가한 주가 변동·기술의 발전·가상 화폐의 출현·물자 부족·기후 위기··· 15년 전보다 더 커진 불확실성 앞에서 걱정과 근심을 벗어나, 부의 흐름을 읽고 다가올 미래에 대응해야 하는 우리가 꼭 읽어야 할 단 한 권의 책 《앨빈 토플러 부의 미래》가 다시 돌아왔다!</p>','<h2>목차</h2><p>앨빈 토플러 재단 서문<br>프롤로그 부의 혁명적 변화를 마주하다<br><br>1부 혁명<br>1. 선봉에 서 있는 부<br>2. 욕망의 소산<br><br>2부 심층 기반<br>3. 부의 물결<br>4. 상호 작용하는 심층 기반<br>3부 시간의 재정렬<br>5. 속도의 충돌<br>6. 동시화 산업<br>7. 불규칙한 경제<br>8. 새로워지는 시간의 풍경<br><br>4부 공간의 확장<br>9. 거대한 순환<br>10. 고부가가치 장소<br>11. 공간적 범위<br>12. 준비되지 않은 세계<br>13. 역추진 장치<br>14. 우주를 향하여<br><br>5부 지식에 대한 신뢰<br>15. 지식의 이점<br>16. 미래의 석유<br>17. 무용지식의 함정<br>18. 케네 요인<br>19. 진실을 가려내는 방법<br>20. 실험실 파괴<br>21. 진실 관리자<br>22. 결론: 컨버전스<br><br>6부 프로슈밍<br>23. 숨겨진 절반을 찾아<br>24. 의료 분야의 프로슈머<br>25. 제3의 직업<br>26. 다가오는 프로슈머의 폭발<br>27. 더 많은 공짜 점심<br>28. 음악 폭풍<br>29. 창조생산성 호르몬<br>30. 결론: 보이지 않는 경로<br><br>7부 데카당스<br>31. 변화의 복음<br>32. 내부 폭발<br>33. 철선 부식시키기<br>34. 복잡드라마<br>35. 세풀베다 해법<br>36. 결론: 데카당스 이후<br><br>8부 자본주의의 미래<br>37. 자본주의의 위기<br>38. 자본의 전환<br>39. 시장의 부재<br>40. 미래의 화폐<br><br>9부 빈곤<br>41. 빈곤의 미래<br>42. 두 마리 토끼를 잡아라<br>43. 빈곤 해소<br><br>10부 지각 변동<br>44. 중국은 또다시 세계를 놀라게 할 것인가?<br>45. 일본이 넘어야 할 고비<br>46. 한반도의 시간과의 충돌<br>47. 유럽이 잃어버린 교훈<br>48. 미국의 내부 정세<br>49. 미국의 외부 정세<br>50. 보이지 않는 게임 중의 게임<br><br>에필로그 프롤로그는 이미 과거이다<br><br>역자 후기<br>참고문헌<br>주석<br>색인</p>','2022-07-15 10:47:39','2022-07-15 10:47:39',NULL),
(14,'제로 투 원',8,'2021-10-04','한국경제신문','103001',16000,300,0.10,'<p><strong>스타트업에서 출발한 구글, 페이스북, 페이팔, 테슬라…</strong><br><strong>그들은 경쟁 대신 무엇을 했는가?</strong></p><p>&nbsp;</p><p>《제로 투 원》은 성공한 창업자 피터 틸이 새로운 것을 창조하는 회사를 만들고, 미래의 흐름을 읽어 성공하는 법에 대해 말하는 책이다. 0에서 1이 되는 것은 ‘새로운 것을 창조하는 것’을 말한다. 뭔가 새로운 것을 만들면 세상은 0에서 1이 되며, 새로운 것을 창조하는 회사를 만들어야 성공할 수 있다. 성공한 기업과 사람들은 아무도 생각하지 못한 곳에서 새로운 가치를 찾아낸다. 기존의 모범 사례를 따라하고 점진적으로 발전해 봤자 세상은 1에서 n으로 익숙한 것이 하나 더 늘어날 뿐이다.<br><br>그는 경쟁의 함정에 빠지지 말고, 독점기업이 되어야한다고 주장한다. 그리고 명쾌한 논리와 다양한 사례를 들어 지금까지 당연한 통념으로 여겨졌던 ‘독점은 시장경제에 해롭다’는 주장을 정면으로 반박한다. 그동안 우리가 경쟁 때문에 발전한다고 생각했던 것은 경제학자들과 교육 시스템을 통해 주입된 이데올로기일 뿐이라는 것이다. 오늘날은 독점기업이 되어 남들이 할 수 없는 것을 해내는 만큼, 딱 그만큼만 성공할 수 있기 때문에 더 이상 독점은 예외적인 현상이 아니며, 성공하는 기업의 특징이라고 그는 말한다.</p><p>&nbsp;</p>','<h2>목차</h2><p>머리말_ 0이 1이 되려면<br><br>1. 미래를 향해 도전하라<br>2. 과거에서 배워라<br>3. 행복한 회사는 모두 다르다<br>4. 경쟁 이데올로기<br>5. 라스트 무버 어드밴티지<br>6. 스타트업은 로또가 아니다<br>7. 돈의 흐름을 좇아라<br>8. 발견하지 못한 비밀<br>9. 기초를 튼튼히 하라<br>10. 마피아를 만들어라<br>11. 회사를 세운다고 고객이 올까<br>12. 사람과 기계, 무엇이 중요한가<br>13. 테슬라의 성공<br>14. 창업자의 역설<br><br>맺는말_ 시간이 흐른다고 미래가 되지는 않는다</p>','2022-07-15 10:51:17','2022-07-15 10:51:17',NULL),
(15,'데일 카네기 인간관계론',9,'2019-10-07','현대지성','104001',11500,300,0.10,'<p><strong>사람의 마음을 사로잡는 가장 빠르고 확실한 방법!</strong><br><strong>데일 카네기가 전하는 성공하는 인간관계의 비밀</strong></p><p>&nbsp;</p><p>인간관계는 친구를 만들고 적을 만들지 않는 것에서 시작된다. 『데일 카네기 인간관계론』은 이런 인간관계의 핵심을 꿰뚫는다. ‘친구를 만들고, 사람을 설득하는 법’이라는 제목으로 1936년 처음 출간된 데일 카네기의 책은 80년 넘게 수많은 사람들에게 영향을 끼쳐 왔다. 이후에 나온 모든 자기 계발서들이 이 책의 영향을 받았다고 해도 과언이 아니다. 세계적인 투자자 워런 버핏의 인생을 바꾼 책이자, 누구나 꼭 읽어야 할 책이기도 하다. 『데일 카네기 인간관계론』은 가장 단순하고 실용적인 원칙들로 복잡한 인간관계에 대한 우리의 고민을 명쾌하게 해결해 준다.</p><p>&nbsp;</p>','<h2>목차</h2><p>* 왜, 어떻게 이 책을 쓰게 되었나<br>* 이 책을 잘 활용하기 위한 9가지 제안<br><br>** 1부 사람을 다루는 기본 방법<br>1. 꿀을 얻으려면 벌통을 걷어차지 마라<br>2. 인간관계의 중요한 비결<br>3. 상대방에게 욕구를 불러일으켜라<br><br>** 2부 사람들이 당신을 좋아하도록 만드는 6가지 방법<br>1. 어디서든 환영받는 사람이 되는 방법<br>2. 좋은 인상을 주는 간단한 방법<br>3. 상대방의 이름을 기억하라<br>4. 대화를 잘하는 손쉬운 방법<br>5. 사람들의 관심을 끄는 방법<br>6. 사람들이 당신을 보자마자 좋아하게 만드는 방법<br><br>** 3부 사람들을 설득하는 12가지 방법<br>1. 논쟁을 피하라<br>2. 적을 만드는 확실한 방법과 그 예방법<br>3. 틀렸다면 인정하라<br>4. 다른 사람의 마음을 얻는 확실한 방법<br>5. 소크라테스의 비결<br>6. 불평을 처리하는 안전밸브<br>7. 협조를 얻는 방법<br>8. 기적을 만드는 공식<br>9. 모든 사람이 원하는 것<br>10. 모든 사람들이 좋아하는 호소<br>11. 영화도 하고, 라디오도 하는 일<br>12. 어떤 것도 통하지 않을 때 시도해 보는 최후의 수단<br><br>** 4부 기분 상하게 하거나, 적개심을 불러일으키지 않고 사람을 바꾸는 9가지 방법<br>1. 비판을 해야만 한다면 이렇게 시작하라<br>2. 비판을 하면서도 미움받지 않는 법<br>3. 자신의 잘못에 대해 먼저 이야기하라<br>4. 명령을 좋아하는 사람은 없다<br>5. 다른 사람의 체면을 세워 주어라<br>6. 사람들을 자극하여 성공으로 이끄는 방법<br>7. 개에게도 좋은 이름을 붙여 주어라<br>8. 고치기 쉬운 잘못처럼 보이게 하라<br>9. 사람들이 당신이 원하는 일을 기꺼이 하도록 만드는 방법<br><br>** 5부 기적 같은 결과를 낳은 편지들<br><br>** 6부 결혼 생활을 행복하게 만드는 7가지 비결<br>1. 결혼 생활의 무덤을 파는 가장 빠른 방법<br>2. 사랑한다면 다른 사람이 사는 방식을 인정하라<br>3. 이혼하고 싶다면 이렇게 하라<br>4. 모든 사람을 행복하게 만드는 빠른 방법<br>5. 여성들에게 중요한 의미를 갖는 것<br>6. 행복하길 원한다면 이것을 게을리하지 마라<br>7. ‘결혼에 무지한 사람’이 되지 마라<br>* 결혼 생활 평가 설문</p>','2022-07-15 10:53:22','2022-07-15 10:53:22',NULL),
(16,'더 시스템',10,'2020-07-17','베리북','104001',16000,300,0.10,'<p><strong>“패자는 목표를 설정하고 승자는 시스템을 만든다”</strong><br><strong>거의 모든 일에 실패하던 자가 결국 큰 성공을 이루어낸 방법</strong></p><p>&nbsp;</p><p>전 세계 65개국 2,000여개 신문사에 실린 세계에서 가장 유명한 만화 ‘딜버트’의 작가 스콧 애덤스. 그는 『더 시스템』을 통해 “성공하려면 열정을 좇으라”는 자기계발서의 진부한 메시지를 뒤엎는다. 무조건 열정을 좇으며 포기하지 않는다고 성공하는 것이 아니며, 오히려 성공이 열정을 불러온다고 반박한다.<br><br>또한 그는 성공에 이르려면 ‘목표’가 아니라 ‘시스템’이 필요하다고 말한다. 그가 말하는 성공 모델은 개인적인 에너지에 집중하는 일부터 시작한다. 에너지를 끌어올린 후에는 성공에서 빠질 수 없는 ‘운’을 불러와야 하는데, 어떻게 운을 불러올 수 있는지를 ‘시스템’ 모델을 통해 제시한다. 그러면서 수많은 실패를 경험했던 자신의 이야기를 통해 실패를 불러들이고, 실패에서 배우고, 실패에서 배울 점을 뽑아먹을 때까지 그냥 돌려보내지 말라고 말한다. 수많은 실패에도 불구하고 어떻게 세계에서 가장 많이 연재된 만화의 창작자가 되었는지, 그 결과를 내기까지 어떤 시스템을 따랐는지 『더 시스템』에서 낱낱이 이야기한다. 자신이 목표하는 바에 항상 미치지 못한다고 생각한다면 스스로에게 이 책을 선물하길 바란다. 패배주의에서 벗어나고, 운을 끌어들이는 삶을 살게 될 것이다.</p><p>&nbsp;</p>','<h2>목차</h2><p>들어가며 당신만의 성공 공식을 찾아라<br><br>PART 1. 실패를 인정하고 뽑아먹어라<br>01. 내가 정상이 아니라고?<br>02. 실패를 불러들여라<br>03. 열정 같은 소리하네<br>04. 찬란한 실패의 역사<br>05. 죽을 뻔한 최악의 선택<br>06. 패자는 목표를 설정하고 승자는 시스템을 만든다<br>07. 나만의 시스템을 구축하다<br>08. 회사를 그만두기로 결심하다<br><br>PART 2. 나는 성공하기로 결정했다<br>01. 성공을 결정하라. 원하지 말고<br>02. 차라리 이기적인 사람이 되어라<br>03. 에너지 레벨을 높이는 7가지 비밀<br>04. 당신의 상상이 현실이 된다<br>05. 그런 척하라. 그렇게 된다<br>06. 위기를 기회로 삼는 방법<br>07. 백만 불짜리 조언<br>08. 싸울 상대를 명확히 하다<br>09. 방향을 잃고 헤매다<br>10. 잘되는 일을 찾는 방법<br><br>PART 3. 성공을 찾아서<br>01. 연습이 능사는 아니다<br>02. 성공 확률을 높이는 공식<br>03. 성공으로 이끄는 15가지 기술<br>04. 패턴을 찾아라<br>05. 매력 넘치는 사람이 되고 싶다면<br>06. 긍정 선언의 힘<br>07. 버티고 또 버텨라<br>08. 성공 확률이 높은 일은 따로 있다<br>09. 우울증을 견디게 해준 두 가지 시스템<br>10. 전문가를 믿지 마라<br>11. 주위 사람의 영향력<br><br>PART 4. 결국은 시스템이다<br>01. 행복의 메커니즘<br>02. 건강한 식습관이 시작이다<br>03. 지금 당장 운동하라<br>04. 시도하지 않으면 아무것도 얻을 수 없다<br>05. 운을 끌어당기려면<br>06. 포기하지 마라<br>07. JUST DO IT<br><br>마치며 당신만의 시스템을 기대하며<br>참고 문헌</p>','2022-07-15 10:55:34','2022-07-15 10:55:34',NULL),
(17,'사피엔스',11,'2015-11-24','김영사','105004',22000,300,0.10,'<p><strong>이제 우리는 무엇을 인간이라고 할 것인가</strong></p><p>&nbsp;</p><p>지금으로부터 10만 년 전, 지구에는 호모 사피엔스뿐만 아니라 네안데르탈인, 호모 에렉투스 등 최소 6종의 인간 종이 살아 있었다. 이후 호모 사피엔스 종만이 유일한 승자로 지구상에 살아남게 되었고, 이제 그들은 신의 영역까지 넘보고 있다. 『사피엔스』는 이처럼 중요한 순간을 살고 있는 우리에게 다가올 미래에 대해 어떤 전망이 있는지, 지금이 전망을 가져야 할 때라고 말한다.<br><br>저자는 “앞으로 몇십 년 지나지 않아, 유전공학과 생명공학 기술 덕분에 인간의 생리기능, 면역계, 수명뿐 아니라 지적, 정서적 능력까지 크게 변화시킬 수 있게 될 것”이라고 예측한다. 하지만 이런 기술 발달은 모두에게 공평한 것은 아니다. 부자들은 영원히 살고, 가난한 사람들은 죽어야 하는 세상이 곧 도래할 것이라는 말이다.<br><br>하지만 저자가 우울한 이야기만 풀어놓는 것은 아니다. 그는 행복에 대한 연구를 시작한 것은 얼마 되지 않았고, 행복에 대한 가능성 역시 더 많이 열려 있다고 말하며, 일말의 여지를 남긴다. 이제, 인류가 멸종할 것인지, 더 나은 진보를 이룩할 것인지, 어떤 것에 방점을 두고 어떤 미래를 만들 것인지에 대해 함께 고민해야 할 때이다.</p><p>&nbsp;</p>','<h2>목차</h2><p>한국의 독자들에게<br>역사연대표<br><br><strong>제1부 인지혁명</strong><br>1. 별로 중요치 않은 동물<br>2. 지식의 나무<br>3. 아담과 이브가 보낸 어느 날<br>4. 대홍수<br><br><strong>제2부 농업혁명</strong><br>5. 역사상 최대의 사기<br>6. 피라미드 건설하기<br>7. 메모리 과부하<br>8. 역사에 정의는 없다<br><br><strong>제3부 인류의 통합</strong><br>9. 역사의 화살<br>10. 돈의 향기<br>11. 제국의 비전<br>12. 종교의 법칙<br>13. 성공의 비결<br><br><strong>제4부 과학혁명</strong><br>14. 무지의 발견<br>15. 과학과 제국의 결혼<br>16. 자본주의 교리<br>17. 산업의 바퀴<br>18. 끝없는 혁명<br>19. 그리고 그들은 행복하게 살았다<br>20. 호모 사피엔스의 종말<br><br>후기_ 신이 된 동물<br>역자후기<br>참고문헌<br>찾아보기</p>','2022-07-15 11:01:54','2022-07-15 11:01:54',NULL),
(18,'마이클 샌델 정의란 무엇인가',12,'2014-11-20','와이즈베리','105004',15000,300,0.10,'<p><strong>정의론의 세계적 석학, 마이클 샌델 교수의 생기 넘치는 강의실로 초대합니다!</strong></p><p>&nbsp;</p><p>『정의란 무엇인가』는 27세에 최연소 하버드대학교 교수가 되었고, 존 롤스의 정의론을 비판한 《자유주의와 정의의 한계》를 발표하면서 세계적 학자로 인정받은 정치 철학가 마이클 샌델의 대표작이다. 샌델 교수가 실제로 하버드에서 강의한 수업 ‘Justice(정의)’를 바탕으로 쓴 책으로, 현재까지도 하버드대학교에서 가장 인기 있고 영향력 있는 강의 중 하나로 손꼽힌다.<br><br>이 책은 구제 금융, 모병제, 대리 출산과 같은 현실 문제를 비롯해 경로를 이탈한 전차, 고통의 대가를 계량하는 시험과 같은 사고 실험을 주제로 삼아, 위대한 사상가들은 ‘정의’에 대해 어떻게 생각했는지 비판적으로 살펴본다. 가령, 저자는 벤담과 밀의 공리주의는 다수에게 도움이 되는 결정을 지지하지만, 인간의 존엄성 문제에는 도덕적 한계를 지니고 있다고 말한다.<br><br>하지만 저자는 이 책에 ‘정의’에 대한 확고한 답을 내리지는 않는다. 외려, 책을 읽는 독자들도 위대한 사상가들과 어깨를 나란히 하며 자신의 논리를 펼쳐나갈 수 있음을 보여줌으로써, 독자들로 하여금 정의에 대한 자신의 견해를 수정하고 바로잡는 기회를 만나는 획기적인 프레임을 선사하고, 나아가 그들 자신이 ‘무엇을’, ‘왜’ 그렇게 생각하는지 알도록 한다.</p><p>&nbsp;</p>','<h2>목차</h2><p>이 책에 쏟아진 찬사 / 한국어판 서문<br><br>1장 정의란 옳고 그름을 판단하는 문제일까?<br><br>2장 최대 행복 원칙: 공리주의<br><br>3장 우리는 우리 자신을 소유하는가?: 자유지상주의<br><br>4장 대리인 고용: 시장 논리의 도덕성 문제<br><br>5장 동기를 중시하는 시각: 이마누엘 칸트<br><br>6장 평등을 강조하는 시각: 존 롤스<br><br>7장 소수 집단 우대 정책 논쟁: 권리 vs. 자격<br><br>8장 정의와 도덕적 자격: 아리스토텔레스<br><br>9장 우리는 서로에게 어떤 의무를 지는가?: 충성심의 딜레마<br><br>10장 정의와 공동선<br><br>주 / 해제 / 찾아보기</p>','2022-07-15 11:05:03','2022-07-15 11:05:03',NULL),
(19,'나는 둔감하게 살기로 했다',13,'2022-05-27','다산초당','105004',16000,300,0.10,'<p><strong>100만 독자에게 따뜻한 위로를 선사한</strong><br><strong>『나는 둔감하게 살기로 했다』 결정판 출간!</strong></p><p>&nbsp;</p><p>조급하고 예민한 사람들을 위한 마음 처방전 『나는 둔감하게 살기로 했다』가 100만 부 판매를 기념하여 전면 개정되었다. 새롭게 개정증보된 이번 책은 우리의 지친 삶을 위로하는 작가의 이야기들이 최근 트렌드에 맞게 재해석돼 편집되었고, 텍스트와 더불어 감성적 삽화들이 배치되어 읽는 이의 마음을 더욱 평온한 길로 안내한다.</p><p>&nbsp;</p>','<h2>목차</h2><p>들어가는 말 … 005<br><br>하나. 둔감한 마음은 신이 주신 최고의 선물이다<br>무례한 사람 앞에서도 당당함을 잃지 않는 법 … 019<br>자존감 강한 사람이 더 예민하다 … 024<br>단단한 마음 위에 재능이 꽃핀다 … 028<br><br>둘. 스트레스조차 가볍게 무시해버리는 둔감함의 힘<br>구시렁구시렁 잔소리도 대충 흘려넘기는 대단한 능력 … 034<br>훌훌 털어버리는 사람만이 얻을 수 있는 특별한 선물 … 040<br>정신 건강을 위해서라도 제발 귀 기울여 듣지 말 것 … 042<br><br>셋. 마음은 둔감하게, 혈액순환은 시원하게<br>마음이 건강한 사람은 혈관도 잘생겼다 … 050<br>당신의 속이 늘 답답하고 아픈 이유 … 052<br>좋은 스트레스는 사장님도 춤추게 한다 … 053<br>한 잔을 마셔도 기분 좋게 취하는 법 … 055<br>둔감한 사람의 마음과 혈관은 언제나 열려 있다 … 057<br><br>넷. 조금 둔감하게 살아도 괜찮아<br>너무 잘 보여서 피곤한 눈 … 062<br>너무 잘 들려서 괴로운 귀 … 063<br>너무 잘 맡아서 곤란한 코 … 064<br>너무 잘 느껴서 못 먹는 입 … 066<br>너무 민감해서 고통이 큰 피부 … 067<br>예민할수록 더 아프다 … 072<br><br>다섯. 어디서든 잘 자는 사람은 이길 수 없다<br>남들보다 6만 시간 더 자는 속 편한 사람 … 078<br>잘 자고 잘 일어나는 수면 습관의 힘 … 082<br>왜 오늘도 나는 쉽게 잠들지 못할까 … 086<br><br>여섯. 누가 뭐래도 나를 사랑하는 게 먼저다<br>근거 없는 자신감도 능력이다 … 094<br>칭찬을 칭찬으로 받아들이는 법 … 097<br>운명의 톱니바퀴를 돌리는 칭찬의 힘 … 100<br>말 한마디에 사람의 재능이 꽃핀다 … 102<br><br>일곱. 둔감한 몸에는 질병조차 찾아오지 않는다<br>나도 친구들과 함께 아프고 싶다 … 108<br>흙바닥 먼지가 선물해주는 면역력 선물 … 111<br>깨끗할수록 면역력은 떨어진다 … 113<br><br>여덟. 결혼 생활에는 정답이 없다<br>연애는 쉽고 결혼은 어려운 딱 한 가지 이유 … 122<br>충격과 공포의 치약 튜브 사건 … 123<br>이래도 좋고 저래도 좋은 잉꼬부부 … 126<br><br>아홉. 암에 대처하는 둔감한 사람들의 현명한 자세<br>심리적 긴장이 불러온 건강의 적신호 … 138<br>만약 부모의 예민함을 아이가 물려받는다면 … 140<br>겨우 이까짓 암에 무릎 꿇을 수는 없다 … 142<br>결국 암은 불안함과의 싸움이다 … 145<br><br>열. 여성이 남성보다 더 강하고 둔감하다<br>첫째는 딸, 둘째는 아들을 선호하는 진짜 이유 … 152<br>몸의 피가 절반이나 빠져나갔는데도 … 154<br>여자는 살고 남자는 죽는다 … 162<br><br>열하나. 세상의 모든 엄마는 여자다<br>여성의 몸을 둘러싼 부드러운 갑옷 … 168<br>피하 지방 없는 남자의 뒤늦은 후회 … 169<br>누가 뭐래도 엄마가 가장 위대하다 … 171<br>모든 인류는 여성에게 빚을 지고 있다 … 175<br><br>열둘. 타인은 끝까지 타인일 뿐이다<br>일과 승진에 민감한 질투의 세계 … 180<br>그대가 날 질투하고 비난할지라도 … 182<br>주위의 시선이나 소문은 가볍게 무시해버릴 것 … 184<br><br>열셋. 사랑을 하려면 예민한 마음부터 바꿔라<br>가벼운 거짓말은 가볍게 넘긴다 … 194<br>좋아하는 상대를 위해 입맛까지 바꾸는 유연한 마음 … 196<br><br>열넷. 직장 내 신경 끄기의 기술<br>어디에나 그런 사람은 있다 … 204<br>세상 모두를 고칠 수는 없으니까 … 207<br><br>열다섯. 주변 환경은 언제나 변한다<br>똑같이 다쳐도 상처가 다르다 … 218<br>몸의 저항력이 클수록 마음도 단단하다 … 220<br>갑작스러운 변화에도 끄떡없는 항상성 … 222<br>넓게 열린 문으로 나아가기 위해서는 … 224<br><br>열여섯. 어머니의 사랑, 그 위대한 둔감력에 대하여<br>아이를 위해 젖을 물리다 … 230<br>점차 아이의 울음소리에 둔감해지는 어머니 … 231<br>어머니가 아니었다면 불가능한 일들 … 235<br>어머니는 강하다 … 239<br><br>나가는 말 … 244</p>','2022-07-15 11:07:18','2022-07-15 11:07:18',NULL),
(20,'총 균 쇠',14,'2005-12-19','문학사상','106001',28000,300,0.10,'<p><strong>인류문명의 불균형은 총, 균, 쇠 때문이다!</strong></p><p>&nbsp;</p><p>퓰리처상을 수상한 세계적 석학 재레드 다이아몬드 박사의 『총, 균, 쇠』. ‘왜 어떤 민족들은 다른 민족들의 정복과 지배의 대상으로 전락하고 말았는가?’, ‘왜 각 대륙들마다 문명의 발달 속도에 차이가 생겨났는가?’, ‘인간 사회의 다양한 문명은 어디에서 비롯되었는가?’라는 의문을 명쾌하게 분석하여 그 해답을 제시한다. 특별 증보면 ‘일본인은 어디에서 왔는가’를 추가 수록하여 현대 일본인의 조상이 누구인지를 추적한다.<br><br>이 책은 모든 인류가 수렵과 채집으로 살아가던 1만 3천 년 전 석기시대로 거슬러 올라간다. 저자는 제국, 지역, 문자, 농작물, 총의 기원뿐만 아니라 각 대륙의 인류 사회가 각기 다른 발전의 길을 걷게 된 원인을 설득력 있게 설명함으로써, 역사에 대한 인종주의적 이론의 허구를 벗겨낸다. 뉴기니와 아메리카 원주민에서부터 현대 유럽인과 일본인에 이르기까지, 세계 각지의 인간 생활에 관한 이야기를 흥미진진하게 풀어낸다.</p><p>&nbsp;</p>','<h2>목차</h2><p>친애하는 한국의 독자들에게 드리는 편지 | 제레드 다이아몬드<br>증보판에 부쳐 | 일본인의 조상은 한민족인가 - 임홍빈(&lt;문학사상&gt; 편집 고문)<br>추천의 글 | 1998년 퓰리처 상을 수상한 명저 &lt;총, 균, 쇠&gt;의 진가 - 이현복(서울대 언어학과 명예 교수)<br>옮긴이의 글 | 인류 문명의 불평등에 관한 수수께끼 풀이 - 김진준(번역 문학가)<br><br>프롤로그_ 현대 세계와 불평등에 대한 의문을 푼다<br><br><strong>제1부 인간 사회의 다양한 운명의 갈림길</strong><br>제1장 문명이 싹트기 직전의 세계 상황<br>제2장 환경 차이가 다양화를 빚어 낸 모델 폴리네시아<br>제3장 유럽이 세계를 정복한 힘의 원천<br><br><strong>제2부 식량 생산의 기원과 문명의 교차로</strong><br>제4장 식량 생산의 기원<br>제5장 인류 역사가 갈라놓은 유산자와 무산자<br>제6장 식량 생산민과 수렵 채집민의 경쟁력 차이<br>제7장 야생 먹거리의 작물화<br>제8장 작물화하는 데 적합한 식물의 식별과 성패의 원인<br>제9장 선택된 가속화와 \'안나 카레니나의 법칙\'<br>제10장 대륙의 축으로 돈 역사의 수레바퀴<br><br><strong>제3부 지배하는 문명, 지배받는 문명</strong><br>제11장 가축의 치명적 대가, 세균이 준 사악한 선물<br>제12장 식량 생산 창시와 문자 고안과의 밀접한 연관<br>제13장 발명은 필요의 어머니<br>제14장 평등주의부터 도둑 정치까지<br><br><strong>제4부 인류사의 발전적 연구 과제와 방향</strong><br>제15장 대륙간 불균형 이론과 원주민들이 낙후된 원인<br>제16장 동아시아의 운명과 중국 문화의 확산<br>제17장 동아시아와 태평양 민족의 충돌<br>제18장 남북아메리카가 유라시아보다 낙후됐던 원인<br>제19장 아프리카는 왜 흑인의 천지가 됐는가<br><br>에필로그_ 과학으로서의 인류사의 미래<br><br><strong>특별 증보면</strong><br>추가 논문_ 일본인은 어디에서 왔는가<br>2003 후기_ &lt;총, 균, 쇠&gt; 그 후의 이야기<br><br>참고문헌<br>찾아보기</p>','2022-07-15 11:23:19','2022-07-15 11:23:19',NULL),
(21,'재레드 다이아몬드의 나와 세계',14,'2016-04-28','김영사','106002',13000,300,0.10,'<p><strong>인류는 어디에 있고, 어디로 가야 하는가</strong></p><p>&nbsp;</p><p>《제3의 침팬지》부터 《총, 균, 쇠》, 《문명의 붕괴》, 《어제까지의 세계》까지, 세계가 주목하는 지성 재레드 다이아몬드가 신작 『재레드 다이아몬드의 나와 세계』로 돌아왔다. 어제와 오늘의 세계, 전통과 현대 사회를 넘나드는 재레드 다이아몬드는 이 책에서 세계가 직면한 7가지 중대한 문제들이 무엇인지 조목조목 들여다보고 각 문제에 관한 해결책을 모색한다.<br><br>지리적·제도적 요인이 국부에 끼치는 영향, 눈부신 성장세를 보이고 있지만 환경문제와 인구문제를 겪고 있는 중국의 모든 것, 여러 국가의 위기로부터 배울점 등을 알아본다. 또 서구적인 삶의 방식과 전통적인 생활 방식의 비교를 통해 건강한 삶을 유지할 수 있는 방법을 제안하고, 기후변화, 불평등 등 세계가 직면한 중대한 문제의 해결 방안을 개인적·국가적 차원에서 역설한다.<br>&nbsp;</p><p>&nbsp;</p>','<h2>목차</h2><p>한국 독자들에게<br><br>1. 왜 어떤 국가는 부유하고 어떤 국가는 가난한가?<br>2. 제도적 요인이 국가의 빈부에 미치는 영향<br>3. 중국은 세계 1위가 될 수 있는가?<br>4. 개인의 위기와 국가의 위기는 어떻게 다른가?<br>5. 위험 평가: 전통사회에서 우리는 무엇을 배울 수 있을까?<br>6. 건강하게 삶의 질을 유지하며 오래 사는 법<br>7. 세계가 직면한 중대한 문제들<br><br>Q &amp;A : 재레드 다이아몬드에게 문명의 길을 묻다<br>옮긴이의 글<br>참고문헌<br>찾아보기</p>','2022-07-15 11:38:16','2022-07-15 11:38:16',NULL),
(22,'코스모스',16,'2010-01-20','사이언스북스','172004',18500,300,0.10,'<p><strong>칼 세이건 서거 10주기 특별판</strong></p><p>&nbsp;</p><p>과학 교양서의 고전『코스모스』. 이 책에서 저자는 우주의 탄생과 은하계의 진화, 태양의 삶과 죽음, 우주를 떠돌던 먼지가 의식 있는 생명이 되는 과정, 외계 생명의 존재 문제 등에 관한 내용을 수 백장의 사진과 일러스트를 곁들여 흥미롭게 설명한다. 현대 천문학을 대표하는 저명한 과학자인 저자는 이 책에서 사람들의 상상력을 사로잡고, 난해한 개념을 명쾌하게 해설하는 놀라운 능력을 마음껏 발휘한다.<br><br>그는 에라토스테네스, 데모크리토스, 히파티아, 케플러, 갈릴레오, 뉴턴, 다윈 같은 과학의 탐험가들이 개척해 놓은 길을 따라가며 과거, 현재, 미래의 과학이 이뤘고, 이루고 있으며, 앞으로 이룰 성과들을 알기 쉽게 풀이해 들려준다. 그리고 과학의 발전을 심오한 철학적 사색과 엮어 장대한 문명사적 맥락 속에서 코스모스를 탐구한 인간 정신의 발달 과정으로 재조명해 낸다.</p><p>&nbsp;</p>','<h2>목차</h2><p>1. 코스모스의 바닷가에서<br>2. 우주 생명의 푸가<br>3. 지상과 천상의 하모니<br>4. 천국과 지옥<br>5. 붉은 행성을 위한 블루스<br>6. 여행자가 들려준 이야기<br>7. 밤하늘의 등뼈<br>8. 시간과 공간을 가르는 여행<br>9. 별들의 삶과 죽음<br>10. 영원의 벼랑 끝<br>11. 미래로 띄운 편지<br>12. 은하 대백과 사전<br>13. 누가 우리 지구를 대변해 줄까?</p>','2022-07-15 11:45:20','2022-07-15 11:45:20',NULL),
(23,'이기적 유전자',17,'2018-10-20','을유문화사','172005',20000,300,0.10,'<p><strong>독특한 발상과 놀라운 주장으로 40여 년간 수많은 찬사와 논쟁의 중심에 선 과학 교양서의 바이블!</strong></p><p>&nbsp;</p><p>저자는 이 책에서 인간을 포함한 모든 생명체는 DNA 또는 유전자에 의해 창조된 생존 기계이며, 자기의 유전자를 후세에 남기려는 이기적인 행동을 수행하는 존재라고 주장한다. 이러한 주장은 생물학계를 비롯해 과학계를 떠들썩하게 만들었고, 40년 동안 학계와 언론의 수많은 찬사와 논쟁의 대상이 되었다. 저자는 자신의 주장을 뒷받침하기 위해서 성의 진화, 이타주의의 본질, 협동의 진화, 적응의 범위, 무리의 발생, 가족계획, 혈연선택 등의 주요 쟁점과 게임 이론, 진화적으로 안정한 전략의 실험, 죄수의 딜레마, 박쥐 실험, 꿀벌 실험 등 방대한 현대 연구 이론과 실험을 보여 준다.</p>','<h2>목차</h2><p>옮긴이의 말<br>30주년 기념판 서문<br>개정판 서문<br>초판 권두사<br>초판 서문<br><br>1장. 사람은 왜 존재하는가?<br>진화 - 가장 근본적 질문에 대한 대답<br>이기주의와 이타주의<br>집단선택설<br><br>2장. 자기 복제자<br>안정을 향하여<br>생명의 기원과 자기 복제자<br><br>3장. 불멸의 코일<br>유전자란 무엇인가<br>유성생식과 유전자의 정의<br>불멸의 유전자<br>노화 이론<br><br>4장. 유전자 기계<br>생존 기계의 시작<br>동물의 행동<br>시뮬레이션<br>의사소통<br><br>5장. 공격 - 안정성과 이기적 기계<br>다른 생존 기계는 환경의 일부<br>게임 이론과 진화적으로 안정한 전략<br>비대칭적 싸움<br><br>6장. 유전자의 행동 방식<br>이기적 유전자와 이타주의<br>혈연선택<br>부모와 자식의 관계<br><br>7장. 가족계획<br>아이 낳기와 아이 키우기<br>개체 수 조절과 인구 문제<br>가족계획 이론<br><br>8장. 세대 간의 전쟁<br>가족 내부의 이해관계<br>갈등의 승자<br><br>9장. 암수의 전쟁<br>짝 간의 갈등<br>성의 전략<br>이기적인 기계 - 누가 누구를 착취할 것인가?<br>암컷의 선택<br>암컷은 좋은 유전자를 찾는다<br>암수의 차이<br>인간에서의 성선택<br><br>10장. 내 등을 긁어 줘, 나는 네 등 위에 올라탈 테니<br>집단 형성이 주는 이익<br>사회성 곤충<br>협력의 진화<br><br>11장. 밈 - 새로운 복제자<br>문화, 문화적 돌연변이<br>‘밈’과 그 진화<br>밈의 특성<br><br>12장. 마음씨 좋은 놈이 일등한다<br>마음씨 좋은 놈, 마음씨 나쁜 놈<br>죄수의 딜레마<br>영합 게임과 비영합 게임<br><br>13장. 유전자의 긴 팔<br>유전자냐 개체냐<br>기생자와 숙주<br>유전자냐 개체냐<br><br>40주년 기념판 에필로그<br>보주<br>참고 문헌<br>찾아보기<br>이 책에 대한 서평</p>','2022-07-15 11:48:30','2022-07-15 11:48:30',NULL),
(24,'뇌과학자는 영화에서 인간을 본다',18,'2012-07-15','어크로스','172005',14000,300,0.10,'<p><strong>영화를 통해 내 안에 숨겨진 과학을 만난다!</strong></p><p>&nbsp;</p><p>정재승의 시네마 사이언스『뇌과학자는 영화에서 인간을 본다』. 영화 속에 담긴 신경과학에 대한 이야기를 들려준다. 생물학적인 뇌의 특징들과 신경 정신 질환에 걸린 인간 뇌의 변화들을 통해 정신질환을 내밀하게 다루고 있는 영화 속 주인공들의 삶을 이해하고, 사건의 전모를 파헤치며, 그 안에서 인간 사회의 독특함을 발견하고자한다. ‘메멘토’의 기억상실증, ‘레인맨’의 자폐증, ‘아이다호’의 기면발작, ‘인셉션’의 꿈 등의 이야기를 통해 이러한 질병이 발생할 때 인간의 뇌에서는 어떤 변화가 일어나는지 알려준다. 더불어 복제 인간 문제와 에볼라 바이러스를 모티프로 한 영화들을 통해 유전자, 바이러스, 진화의 이슈까지 인간 생명을 둘러싼 과학적 사실들을 풀어내고, 《물리학자는 영화에서 과학을 본다》의 원고 가운데 신경과학과 연관이 있는 원고들을 수록해 신경과학 분야를 폭넓게 이해할 수 있도록 도와준다.</p><p>&nbsp;</p>','<h2>목차</h2><p>뇌과학자는 영화에서 인간을 본다<br><br>1. 사이코 시네마, 인간의 뇌를 들여다보다<br><br>Cinema 1. 레인맨 | 마음의 눈을 뜨지 못하는 자폐증 환자<br>Cinema 2. 아이다호 | 기면 발작, 위험한 잠에 빠지다<br>Cinema 3. 사이빌 | 하나의 육체에 깃든 여러 정신, 다중인격<br>Cinema 4. 하얀 전쟁 | 살아남은 자의 슬픔, 외상후 스트레스 장애<br>Cinema 5. 301 302 | 음식에 대한 극단적인 거부와 집착<br>Cinema 6. 이보다 더 좋을 순 없다 | 자신을 가두는 반복의 굴레<br>Cinema 7. 소년은 울지 않는다 | 육체와 잘못 짝지어진 성<br>Cinema 8. 뻐꾸기 둥지 위로 날아간 새 | 정신병원, 두려움의 신화<br>Cinema 9. 주유소 습격 사건 | 이유 없는 범죄, 폭력성은 타고나는 것인가<br>[동시상영] 살인의 추억: 행동과 표정이 말보다 더 많은 말을 한다<br>Cinema 10. 마이너리티 리포트 | 범죄가 사라진 도시<br>[동시상영] 마이너리티 리포트: 배낭 로텟 타고 훨훨 난다고?<br>Cinema 11. 메멘토 | 잃어버린 기억을 몸에 새기다<br>[동시상영] 스타쉽 트루퍼스: 뇌를 먹으면 머리가 좋아진다?<br>Cinema 12. 인셉션 | 꿈은 조작될 수 있는가<br>[동시상영] 인썸니아: 백야가 불면증을 부른다<br>Cinema 13. 환생 | 과학자들은 최면과 전생을 어떻게 설명할까<br><br>2. 생명공학, 인간의 욕망에 답하다<br><br>Cinema 14. 가타카 | 휴먼 게놈 프로젝트가 밝히는 생명의 설계도<br>Cinema 15. 언브레이커블 | ‘골형성 부전증’에 관한 상상력<br>Cinema 16. 바로워즈 | 세상에서 가장 작은 사람들<br>[동시상영] 물랑루즈: 화가 로드레크<br>Cinema 17. 너티 프로페서 | 딸아이 비만 방치는 유죄?<br>Cinema 18. 트윈스 | 유전자 조작이 만들어낸 웃을 수만은 없는 코미디<br>Cinema 19. 톰과 제리 | 유전공학으로 고양이보다 똑똑한 쥐 만들기<br>Cinema 20. 멀티플리시티 | 인간 복제 기술은 도마뱀 인간을 만든다?<br>Cinema 21. 에일리언 | 동면 캡슐에서 보내는 우주여행<br>[동시상영] 조의 아파트: 바퀴벌레에게 교훈을!<br>Cinema 22. 죽어야 사는 여자 | 죽도록 살아야 할 운명의 여자들<br>[동시상영] 아카데미상이 배우의 수명을 늘린다?<br>Cinema 23. 화성침공 | 사람 머리에 강아지 몸통을 붙이다<br>Cinema 24. 은하철도 999 | 영원히 살기 위한 여정을 떠나다<br>Cinema 25. 드라큘라 | 드라큘라는 광견병 환자였다<br>[동시상영] 스파이더맨: \'스파이더맨\'은 영화일 뿐<br>Cinema 26. 아웃브레이크 | ‘에볼라 바이러스’를 알면 영화가 더욱 재밌다<br>Cinema 27. 미키마우스 | 미키마우스도 진화한다<br>[동시상영] 진화를 알면 외계인이 보인다<br>Cinema 28. 달과 꼭지 | 방귀라는 생체 천연 가스의 비밀<br>Cinema 29. 닥터 두리틀 | 타잔은 치타와 얘기할 수 있을까<br>[동시상영] 워터월드: 소 트림이 지구 온난화를 유발한다?<br>Cinema 30. 안개 속의 고릴라 | 침팬지, 고릴라, 오랑우탄 그 속에서 인간을 찾다</p>','2022-07-15 11:50:28','2022-07-15 11:50:28',NULL),
(25,'열두 발자국',18,'2018-07-02','어크로스','105004',16800,300,0.10,'<p><strong>《과학콘서트》 《알쓸신잡》 대한민국을 매혹시킨</strong><br><strong>KAIST 정재승 교수의 최고의 강연이 펼쳐진다</strong><br><br><strong>스마트한 선택을 위한 뇌과학의 지혜에서부터</strong><br><strong>4차 산업혁명 시대 미래의 기회를 발견하기 위한 과학의 통찰까지</strong><br><strong>지식이 지혜로 바뀌는 열두 번의 놀라운 경험</strong><br><strong>경계를 넘어 새로운 생각의 우주로 안내하는 최고의 지식 콘서트</strong></p><p>&nbsp;</p><p>정재승의 강연은 가보지 않았던 새로운 생각의 숲으로 이끄는 발자국이다. 그의 발자국을 따라 들어간 숲에서 청중들은 ‘과학 지식이 삶과 세상에 대한 통찰과 지혜로 바뀌는 경험’을 하게 된다. 대한민국의 청년들에서부터 조직의 리더들까지, 세대와 성별을 넘어 많이 이들이 그의 이야기에 귀 기울이는 까닭이다.<br><br>이 책은 지난 10년 간 저자의 강연 중 가장 많은 호응을 받았던 12개의 강연을 선별하여 다시 집필하고 묶은 것이다. 더 나은 선택, 더 나은 미래를 위해 고군분투하고 있는 청춘들과 이 땅의 리더들에게 주는 뇌과학의 지혜와 통찰이 이 책에는 가득하다. 통념을 뒤집고 뒤통수를 후려치는 생각의 전복, 관계없어 보이던 사실과 지식이 연결되는 놀라운 생각의 모험, 차갑게 보이는 과학과 지성의 성찰이 어느새 가슴 뛰는 삶의 통찰로 바뀌는 이야기들이다.</p><p>&nbsp;</p>','<h2>목차</h2><p><strong>프롤로그 - 인간이라는 숲으로 난 열두 발자국</strong><br><br>1부 더 나은 삶을 향한 탐험 - 뇌 과학에서 삶의 성찰을 얻다<br>첫 번째 발자국<br>선택하는 동안 뇌에서는 무슨 일이 벌어지는가<br><br>두 번째 발자국<br>결정장애는 어떻게 극복할 수 있는가<br><br>세 번째 발자국<br>결핍 없이 욕망할 수 있는가<br><br>네 번째 발자국<br>인간에게 놀이란 무엇인가<br><br>다섯 번째 발자국<br>우리 뇌도 ‘새로고침’ 할 수 있을까<br><br>여섯 번째 발자국<br>우리는 왜 미신에 빠져드는가<br><br>2부 아직 오지 않은 세상을 상상하는 일 - 뇌과학에서 미래의 기회를 발견하다<br>일곱 번째 발자국<br>창의적인 사람들의 뇌에서는 무슨 일이 벌어지는가<br><br>여덟 번째 발자국<br>인공지능 시대, 인간지성의 미래는?<br><br>아홉 번째 발자국<br>제4차 산업혁명 시대, 미래의 기회는 어디에 있는가<br><br>열 번째 발자국<br>혁명은 어떻게 시작되는가<br><br>열한 번째 발자국<br>순응하지 않는 사람들은 어떻게 세상에 도전하는가<br><br>열두 번째 발자국<br>뇌라는 우주를 탐험하며, 칼 세이건을 추억하다<br><br>부록<br>인터뷰 특강1 - 뇌과학자, ‘리더십’을 말하다<br>인터뷰 특강2 - 뇌과학자, ‘창의성’을 말하다<br><br>좀 더 자세한 정보를 알고 싶은 독자들에게<br><br>강연 출처</p>','2022-07-15 11:52:38','2022-07-15 11:52:38',NULL),
(26,'김상욱의 과학공부',19,'2020-05-20','동아시아','172005',16000,300,0.10,'<p><strong>인문 교양에 뿌리내린 비판적 지성. \'물리학자\'김상욱 교수의 과학 공부란?</strong></p><p>&nbsp;</p><p>21세기 과학기술의 발전은 상상을 초월하고 있다. 이는 인간과 세계에 대한 우리의 인식은 큰 변화를 요구하고 있다. 그러나 과학기술에 대한 지식이 부족하고 오랫동안 인문학 중심의 태도를 가져왔던 우리에겐 생소한 상황이다. 인공지능 관련 이슈, 생명 윤리의 문제, 환경 파괴에 대한 논란등 21세기를 살아가며 과학적 사고를 배제하는 것은 불가능하다. 즉, 과학은 상식이 된 것이다.<br><br>『김상욱의 과학공부』은 과학 지식을 심층적으로 습득하기 위해 ‘공식들’과 ‘법칙들’을 외워야하는 것이 아닌 우리에게 필요한 과학이라는 ‘시스템’을 포괄적으로 이해하는 것, 바로 ‘과학적 사고방식’을 이해하고자 한다. ‘과학적 사고방식’은 철학이고 인문학이다. 과학적 영감에서 철학적 통찰을 이끌어내고, 과학에서 삶의 해답을 찾는 것. 우리가 사는 세상과 맞닿아 있는 과학을 가까이하는 것. 과학과 인문학이 소통하는 것. 이것이 앞으로의 인문학이자, 과학을 포함한 진정한 인문학이 될 것이다.</p><p>&nbsp;</p>','<h2>목차</h2><p>추천의 글<br>과학과 인문학은 교양 앞에 평등한가?<br><br><strong>제1장. 과학으로 낯설게 하기</strong><br>하루<br>우리에게 잉여를 허하라<br>공작새의 화려한 꼬리 같은 삶<br>세상은 어떻게 생겨났는가<br>스마트폰과 빅뱅<br>누구를 위하여 역사는 배우나<br>우주의 침묵<br>기계들의 미래<br>행복지수 보존법칙<br>교육의 목적은 행복이 아니다<br>미분의 철학<br>1990년, 그 여학생<br>달은 낙하하고 있다<br>하수구 속 호랑이굴<br><br><strong>제2장. 대한민국 방정식</strong><br>카나리아의 죽음<br>상아탑 위 바벨탑<br>공부의 신<br>실탄이 장전된 총<br>문지기들의 천국<br>증거 없이 결론 없다<br>추상이 우리를 죽이기 시작할 때<br>넉대와 독버섯<br>영웅 없는 위기<br>과학은 국정화를 싫어해<br>사과의 물리학<br>부재의 실재<br><br><strong>제3장. 나는 과학자다</strong><br>나는 과학자다<br>양자역학? 그게 뭐예요?<br>운동을 시작하는 방법<br>전어와 노벨상<br>137분의 1<br>아주 작은 자<br>시간의 본질<br>『쿼런틴』은 어디까지 구라인가<br>신은 주사위를 던진다<br>양자역학의 양자택일<br><br><strong>제4장. 물리의 인문학</strong><br>상상력이 우리를 구원하리라<br>칸딘스키를 이해한다는 것<br>카오스의 아름다움<br>『레 미제라블』의 엔트로피<br>춤, 운동, 상대론, 양자역학<br>빛의 희로애락<br>우주의 시<br>기계가 거부하는 날<br>자유의지의 물리학<br>상상력을 상상하며<br><br>후기</p>','2022-07-15 11:56:46','2022-07-15 11:56:46',NULL),
(27,'떨림과 울림',19,'2018-11-07','동아시아','172005',15000,300,0.10,'<p><strong>물리학자 김상욱이 바라본 우주와 세계 그리고 우리</strong><br><strong>물리라는 언어를 통해 세계와 우리 존재를 바라보는 다른 눈을 뜨게 하다!</strong></p><p>&nbsp;</p><p>‘물리’라는 과학의 언어를 통해 세계를 읽고 생각하는 또 다른 방법을 안내하는 『떨림과 울림』. 빛, 시공간, 원자, 전자부터 최소작용의 원리, 카오스, 엔트로피, 양자역학, 단진동까지 물리에서 다루는 핵심 개념들을 차분히 소개하면서 물리라는 새로운 언어를 통해 우리 존재와 삶, 죽음의 문제부터 타자와의 관계, 세계에 관한 생각까지 새로운 틀에서 바라볼 수 있게 안내한다.<br><br>우리의 몸과 마시는 공기, 발을 딛고 서있는 땅과 흙, 그리고 매일 마주하는 노트북 모니터와 휴대전화까지. 세계의 모든 존재들은 모두 ‘원자’라는 아주 작은 단위로 이루어져 있다. 저자는 이 작고도 작은 단위까지 내려가 우리 존재부터 우주라는 커다란 세계까지 들여다보고 질문하고 우리가 생각의 타래를 열 수 있게 해준다.</p><p>&nbsp;</p>','<h2>목차</h2><p>프롤로그<br><br>1부 분주한 존재들 - 138억 년 전 그날 이후, 우리는 우리가 되었다<br>[빛] 138억 년 전, 처음으로 반짝이던<br>[시공간] 시간과 공간의 탄생<br>[우주] 세계의 존재 이유를 안다는 것<br>[원자] 우리를 이루는 것, 세상을 이루는 것<br>[전자] 모두 같으면서, 모두 다르다<br>- 생명이 존재하려면 『미토콘트리아』<br>- 물리학자가 바라본 존재의 차이, 차이의 크기<br>- 크기가 말하는 것 『이상한 나라의 앨리스』<br>- 존재의 크기에 관하여 ‘위상수학’이란 무엇인가<br><br>2부 시간을 산다는 것, 공간을 본다는 것 - 세계를 해석하는 일에 관하여<br>[최소작용의 원리] 미래를 아는 존재에게 현재를 산다는 것<br>[카오스] 확실한 예측은 오직<br>[엔트로피] 어제가 다시 오지 않는 이유<br>[양자역학] 우리는 믿는 것을 본다<br>[이중성] 대립적인 것은 상보적인 것<br>- 지구에서 본 우주, 달에서 본 우주<br>- 달을 가리키는데 왜 손가락을 보는가? 〈인터스텔라〉<br>- 물리학자에게 ‘우연’이란 「바빌로니아의 복권」, 『픽션들』<br><br>3부 관계에 관하여 - 힘들이 경합하는 세계<br>[중력] 서로가 서로에게 낙하한다<br>[전자기력] 존재의 떨림으로 빈 곳은 이어진다<br>[맥스웰 방정식] 현대 문명의 모습을 결정한 수식<br>[환원·창발] 많은 것은 다르다<br>[응집물리] 우선은 서로 만나야 한다<br>- 인공지능에게 타자란 〈엑스 마키나〉<br>- 세계의 온도는 표준편차가 결정한다<br><br>4부 우주는 떨림과 울림 - 과학의 언어로 세계를 읽는 법<br>[에너지] 사라지는 것은 없다, 변화할 뿐<br>[F=ma] 세상은 운동이다<br>[단진동] 우주는 떨림과 울림<br>[인간] 우주의 존재와 인간이라는 경이로움<br>- 상상의 질서, 그것을 믿는 일에 관하여 『사피엔스』<br>- 인간의 힘으로 우주의 진리를 알아가는 것 『천국의 문을 두드리며』<br><br>부록<br>지식에서 태도로 - 불투명한 세계에서 이론물리학자로 산다는 것</p>','2022-07-15 11:58:56','2022-07-15 11:58:56',NULL),
(28,'빌 게이츠 넥스트 팬데믹을 대비하는 법',20,'2022-06-10','비즈니스북스','108001',18000,300,0.10,'<p><strong>빌 게이츠가 제시하는 ‘넥스트 팬데믹’을 대비하는 액션 플랜!</strong><br><strong>‘코로나19’가 남긴 교훈부터 디지털 미래에 대한 전망까지, 팬데믹을 겪은 모든 사람이 읽어야 할 책!</strong></p><p>&nbsp;</p><p>지난 25일 세계경제포럼(WEF) 연차 총회(다보스포럼)에서 ‘빌&amp;멀린다 게이츠 재단’ 공동이사장인 빌 게이츠는 “다음 팬데믹(전염병 대유행)을 막기 위해서는 초기 확산을 억제하는 것이 중요하다.”고 강조하며, “아웃브레이크(전염병 발생 및 급증)가 감지되고 100일 이내에 감염을 통제하면 사망률을 2퍼센트 미만으로 낮출 수 있다.”고 말했다. 사실 빌 게이츠는 지난 2015년부터 호흡기 바이러스에 의한 팬데믹 가능성을 꾸준히 제기하며 각국 정부가 예방책을 마련해야 한다고 촉구해왔다. 그 때문에 코로나19(COVID-19) 팬데믹이 닥쳤을 때, 그의 팬데믹 경고 발언이 재조명되며 화제의 중심에 올랐다. 빌 게이츠는 인류의 가장 큰 위협으로 ‘전염병’을 꼽는다. 특히 그가 경계하는 것은 호흡기 바이러스에 의한 전염병으로, 가장 두려운 재난은 “핵무기도 기후변화도 아닌, 전염성 강한 인플루엔자(influenza) 바이러스”라고 말할 정도다.<br><br>실제로 20세기 인류의 목숨을 앗아간 가장 치명적이었던 사건은 전쟁이 아니라 전염병이었다. 1918년 스페인 독감으로 약 5,000만 명이 사망했다. 게다가 1968년의 홍콩 독감, 2009년의 신종 플루, 2020년의 코로나19까지 팬데믹 발생 간격 또한 짧아지고 있다. 이처럼 재앙적인 전염병의 위협이 이어지는 와중에 ‘넥스트 팬데믹’이 온다면 우리가 막을 수 있을까? 놀랍게도 빌 게이츠의 답은 ‘예스’다. 그리고 그에 대한 설명과 해답을 이번 신간에 담았다.<br><br>빌 게이츠는 이 책을 통해 세계가 코로나19로부터 무엇을 배웠는지 돌아보고, 이와 같은 재난을 또다시 겪지 않기 위해 우리가 해야 할 ‘액션 플랜’은 무엇인지 제시한다. 또한 책의 말미에는 코로나로 인해 더욱 가속화된 디지털 기술이 우리의 일상을 어떻게 변화시켰고 향후 몇 년간 어떤 변화가 생길지 전망한다. 이번 빌 게이츠의 신간은 지난 2월 그의 블로그에 새 책에 대한 소식을 알리자마자, 국내외 언론에 소개되며 세간의 화제를 모았다. 팬데믹이 아직 ‘현재진행형’인 시점에 출간되는 만큼 책이 주는 시의성은 결코 가볍지 않다. ‘앞으로 전염병을 막으려면 누가, 무엇을 해야 하는지’, ‘백신과 치료제를 더 빨리 만들려면 어떻게 해야 하는지’ 등 혁신을 ‘망치’ 삼아 전 세계인을 구하고자 하는 빌 게이츠의 혜안을 함께 확인해보자.</p><p>&nbsp;</p>','<h2>목차</h2><p>들어가며<br><br>제1장 우리가 코로나에서 배운 것들<br>Learn from COVID<br><br>제2장 어떻게 넥스트 팬데믹을 대비할 것인가<br>Create a pandemic prevention team<br><br>제3장 팬데믹의 초기 신호를 감지하고 억제하는 법<br>Get better at detecting outbreaks early<br><br>제4장 팬데믹의 기본 조치 : 마스크 쓰기와 거리두기<br>Help people protect themselves right away<br><br>제5장 새로운 치료법을 찾기 위한 피나는 도전들<br>Find new treatments fast<br><br>제6장 6개월 안에 백신을 만들어라<br>Get ready to make vaccines<br>제7장 전 세계가 함께 대비하라<br>Practice, practice, practice<br><br>제8장 보건 격차 : 부유한 나라와 가난한 나라의 갭<br>Close the health gap between rich and poor countries<br><br>제9장 코로나19를 마지막 팬데믹으로 만드는 액션 플랜<br>Make and fund a plan for preventing pandemics<br><br>후기: 코로나가 바꾼 디지털 미래<br><br>용어 해설<br>감사의 말<br>주석<br>찾아보기</p>','2022-07-15 12:07:25','2022-07-15 12:07:25',NULL),
(29,'가짜 민주주의가 온다',21,'2019-09-27','부키','108001',20000,300,0.10,'<p><strong>냉전 종식 후 30년, 오늘날 신권위주의는 어떻게 전 세계에 다시 확산되고 있는가?</strong></p><p>&nbsp;</p><p>전 세계에 확산되는 신권위주의에 대한 깊은 통찰을 담은 연대기 『가짜 민주주의가 온다』. 2011년 전체주의 사상의 귀환, 2012년 러시아 민주 정치의 붕괴, 2013년 러시아의 유럽 연합 맹공격, 2014년 우크라이나 혁명과 뒤이은 러시아의 침공, 2015년 러시아, 유럽, 미국에서 정치적 허구의 확산, 2016년 도널드 트럼프 당선 등을 치밀하게 들여다봄으로써 동구에서 서구로 확산되고 있는 권위주의 광풍을 들여다본다.<br><br>소련 해체 이후 다른 동구권 나라들도 마찬가지였지만, 러시아는 민주주의가 정착되지 못했다. 민주주의 정치 체제가 부재한 가운데 구소련의 국가 자산을 불법적으로 차지한 신흥 재벌 올리가르히(oligarch)들이 재빨리 권력을 장악했고, 이들이 자신의 부와 생명을 지키고, 민주주의를 관리, 통제하기 위해서 찾아낸 새 지도자가 바로 블라디미르 푸틴이었다.<br><br>저자는 2012년 푸틴의 장기 집권 수립, 2014년 러시아의 우크라이나 침공, 2016년 브렉시트와 2016년 트럼프가 당선되기까지의 과정을 훑으면서 러시아가 민주주의로 가장한 신권위주의를 어떻게 부활시키는지 치밀하게 기록한다. 실제 현실과 아무 관련도 없는 대안 현실, 대안 세계를 버젓이 제시하는 것이 러시아가 민주주의를 훼손하고, 신권위주의를 동구에서 서구로 팽창시킨 방식이었다고 이야기하며 오늘날 민주주의의 위기를, 권위주의의 노련한 잠식력을, 현재를 사는 우리가 가져야 할 미래에 대한 책임감을 절실히 깨닫게 한다.</p><p>&nbsp;</p>','<h2>목차</h2><p>옮긴이의 말 7<br>프롤로그 23<br><br>CHAPTER ONE 개인주의인가 전체주의인가 39<br>이반 일린, 부활하다 43 ｜ 전체주의의 도래 46 ｜ 순결한 러시아 48 ｜적을 만들라 51 ｜ 대속자라는 환상 54 ｜ 필연과 영원 사이 57’<br><br>CHAPTER TWO 계승인가 실패인가 67<br>볼셰비키에서 러시아 연방까지 68 ｜ 정치가가 쓴 소설 74 ｜ 민주적 부정 선거 77 ｜ 영웅과 파괴자 81 ｜ 콘돔과 원숭이 84 ｜ 유럽 연합과 미국을 겨냥하다 88 ｜ 복종과 반역 90 ｜ 외부자의 잘못 92 ｜ 영원한 동거 95 ｜ 영원의 환상을 조성하다 99<br><br>CHAPTER THREE 통합인가 제국인가 103<br>유럽 통합과 러시아 108 ｜ 민족의 대속자 116 ｜ 러시아가 꿈꾸는 유럽의 모습 120 ｜ 유라시아주의 123 ｜ 알렉산드르 두긴 128 ｜ 이즈보르스크클럽 132 ｜ 러시아의 대외 정책 140 ｜ 후원자들 142 ｜ 협력자들 148 ｜ 필연인가 영원인가 153<br><br>CHAPTER FOUR 새로움인가 영원인가 155<br>우크라이나가 원하는 것 164 ｜ 마이단 광장 168 ｜ 품위와 용기 171 ｜ 법률을 따르라 175 ｜ 본질을 흐리는 방법 180 ｜ 꼭두각시 세우기 182 ｜ 시위대를 향한 폭력 184 ｜ 크림반도의 바람 188 ｜ 스키조파시즘 196 ｜ 진짜 파시스트 200 ｜ 이후의 풍경들 203 ｜ 가려진 진실 208<br><br>CHAPTER FIVE 진실인가 거짓인가 213<br>그럴듯하지 않은 부인 217 ｜ 노보로시야를 위하여 222 ｜ 동결된 분쟁 228 ｜ 죄책감을 덜다 234 ｜ 텔레비전의 역할 237 ｜ 항공기 격추 사건 238 ｜ 오토바이 공연 243 ｜ 전투와 휴전 248 ｜ 새로운 형태의 전쟁 256 ｜ 사실성을 파괴하라 258 ｜ 승리인가 패배인가 260 ｜ 독일의 문제 262 ｜ 폴란드 이야기 267 ｜ 주목받지 못한 경고 275<br><br>CHAPTER SIX 평등인가 과두제인가 285<br>성공한 사업가 287 ｜ 트럼프타워에서 일어나는 일 288 ｜ 허구의 승자 291 ｜ 이제 미국이다 293 ｜ 미국 주권, 공격받다 298 ｜ 알려진 이야기들 307 ｜ 가짜 뉴스의 홍수 321 ｜ 미국을 무너뜨리는 방법 328 ｜ 러시아식 과두제 337 ｜ 위대했던 시절의 향수 340 ｜ 오피오이드 드림 345 ｜ “진실은 진실이 아니다.” 349 ｜ 러시아라는 거울 앞에 선 미국 350<br><br>에필로그 362<br>감사의 말 366<br>주 370<br>찾아보기 444</p>','2022-07-15 12:09:45','2022-07-15 12:09:45',NULL),
(30,'피에 젖은 땅',21,'2021-03-05','글항아리','106002',44000,300,0.00,'<p><strong>“절대적 필독서! 그 어떤 역사가도 이런 책을 써내지 못했다”</strong><br><strong>10개 언어, 16개 기록보관소의 자료로 획을 그은 연구</strong></p><p>&nbsp;</p><p>티머시 스나이더의 『피에 젖은 땅』은 이차대전사 연구에 한 획을 그은 것으로 평가받는다. 출간된 해에 다섯 개 상을 수여했고, 또 다른 네 개 상의 결선작에 진출했다. 각 나라의 유력 매체 여덟 군데서 ‘올해의 책’으로 꼽았을 뿐 아니라, 앤터니 비버, 새뮤얼 모인, 앤 애플바움 등이 최고의 연구이자 글쓰기라고 상찬했다. 스나이더는 영어, 독일어, 이디시어, 체코어, 슬로바키아어, 폴란드어, 벨라루스어, 우크라이나어, 러시아어, 프랑스어로 쓰인 자료를 섭렵하며 16개 기록보관소를 뒤져 이차대전사의 전모를 그려냈다.</p><p>&nbsp;</p>','<h2>목차</h2><p>들어가기에 앞서_유럽의 한 장면<br>들어가는 글_히틀러와 스탈린<br><br>1장 스탈린, 소련을 굶주림에 빠뜨리다<br>2장 스탈린, 계급에 대해 테러를 벌이다<br>3장 스탈린, 민족에 대해 테러를 벌이다<br>4장 독소 불가침 조약과 유럽<br>5장 파멸의 경제학<br>6장 마지막 해결책<br>7장 홀로코스트, 그리고 복수<br>8장 히틀러, 살육 공장을 돌리다<br>9장 저항하는 자, 불태워지는 자<br>10장 전쟁 전후의 인종 청소<br>11장 스탈린의 반유대주의<br><br>결론_인간성에 대한 질문<br>옮긴이의 말<br>주<br>찾아보기</p>','2022-07-15 12:13:35','2022-07-15 12:13:35',NULL),
(31,'군주론',23,'2021-07-26','현대지성','105003',7700,300,0.10,'<p><strong>‘움베르토 에코의 제자’ 김운찬 교수의 이탈리아어 원전 완역본</strong><br><strong>냉엄한 현실에서 리더가 갖춰야 할 처세술과 리더십</strong><br><br><strong>★ 하버드대, 옥스퍼드대, MIT, 서울대 필독서!</strong><br><strong>★ “우리는 마키아벨리에게 큰 빚을 졌다.” _프랜시스 베이컨</strong></p><p>&nbsp;</p><p>필사본이 떠돌 때부터 논란거리였고, 출간 뒤에는 “악마의 사상”이라 비난받으며 교황청 금서로 지정된 책. 하지만 지금은 하버드대, 옥스퍼드대, MIT, 서울대 등 세계 유수 대학의 필독서이면서 『타임』과 『뉴스위크』가 “세계 100대 도서”로 선정한 책. 역사상 『군주론』처럼 극단적으로 엇갈린 평가를 받는 문제작도 드물다.<br>마키아벨리는 이 책에서 군주가 권력을 얻고 유지하려면 때로는 권모술수를 써야 하며, 사악한 행위도 서슴지 말아야 한다고 주장한다. “결과가 수단을 정당화한다”라고 정리되며 “마키아벨리즘”(Machiavellism)이라는 용어를 낳은 이 사상은, 종교와 윤리를 중시하던 유럽 사회에 큰 충격을 주었다. 논란이 이어지자 교황청은 『군주론』을 금서로 지정했지만, 많은 지도자가 앞에서는 비난하면서도 뒤로는 몰래 이 책을 탐독했다.<br>하지만 『군주론』은 단지 잔혹한 통치를 옹호하려고 쓴 책이 아니었다. 당시 이탈리아는 크고 작은 나라들로 분열되어 서로 싸웠고, 강대국의 침략에 번번이 시달렸다. 이 책에는 강력한 군주가 등장해 이탈리아를 통일하고 외세의 지배에서 해방하기를 바라는 마키아벨리의 열망이 담겨 있다. 무엇보다 금기를 깨고 ‘현실정치’의 개념을 제시함으로써 근대 정치학의 토대를 다진 책으로 평가받고 있다. 그러므로 이 책을 읽다 보면 당시 유럽의 정세와 사회상을 세밀히 파악할 수 있고, 군주(리더)가 갖추어야 할 살아 있는 지혜를 얻게 된다. “실전에서 살아남은 날것의 지식” 그대로를 전하기에, 지난 500년간 통치자뿐만 아니라 누군가를 이끄는 위치에 선 리더에게는 “나만 알고 싶은 책”으로 읽혔다.<br>역사와 언어 지식이 뒷받침될 때 비로소 『군주론』을 온전히 이해할 수 있다. 움베르토 에코의 제자이자 단테의 『신곡』을 완역한 김운찬 교수가 이탈리아어 원문을 충실하게 옮기고 방대한 역주와 깊이 있는 해제를 덧붙였다. 이 책을 통해 권력의 속성뿐 아니라 역사와 인간의 심리, 처세술, 리더십 등에 대한 혜안과 통찰력을 갖게 될 것이다.</p><p>&nbsp;</p>','<h2>목차</h2><p>『군주론』을 읽기 전에<br><br>헌사 | 니콜로 마키아벨리가 위대하신 로렌초 데 메디치께 인사를 드립니다<br>01장 | 군주국의 종류는 얼마나 많으며 어떤 식으로 획득하는가<br>02장 | 세습 군주국에 대하여<br>03장 | 혼합 군주국에 대하여<br>04장 | 알렉산드로스가 정복한 다리우스의 왕국은 왜 그가 죽은 뒤 후계자들에게 맞서 반란을 일으키지 않았는가<br>05장 | 점령되기 전 자신의 법률에 따라 살았던 도시나 군주국은 어떻게 통치해야 하는가<br>06장 | 자신의 무력과 역량으로 획득하는 새 군주국에 대하여<br>07장 | 다른 사람의 무력과 행운으로 획득하는 새 군주국에 대하여<br>08장 | 사악함으로 군주가 되는 사람들에 대하여<br>09장 | 시민 군주국에 대하여<br>10장 | 모든 군주국의 힘은 어떻게 측정해야 하는가<br>11장 | 교회 군주국에 대하여<br>12장 | 군대의 종류는 얼마나 많은지 그리고 용병에 대하여<br>13장 | 지원 군대, 혼합 군대, 자국 군대에 대하여<br>14장 | 군대와 관련하여 군주는 무엇을 해야 하는가<br>15장 | 사람들, 특히 군주가 칭찬받거나 비난받게 만드는 것들에 대하여<br>16장 | 너그러움과 인색함에 대하여<br>17장 | 잔인함과 자비로움에 대하여 그리고 사랑받는 것은 두려움의 대상이 되는 것보다 나은가, 아니면 그 반대인가<br>18장 | 군주는 어떻게 신의를 지켜야 하는가<br>19장 | 경멸과 증오를 피하는 것에 대하여<br>20장 | 요새를 구축하는 일과 군주가 매일 하는 많은 일은 유익한가 아니면 무익한가<br>21장 | 군주가 탁월하다는 평가를 받으려면 어떻게 해야 하는가<br>22장 | 군주가 곁에 데리고 있는 관리들에 대하여<br>23장 | 아첨꾼을 어떻게 피할 것인가<br>24장 | 왜 이탈리아 군주들은 나라를 잃었는가<br>25장 | 행운은 인간사에서 얼마나 강하고, 인간은 행운에 어떻게 저항할 수 있는가<br>26장 | 이탈리아를 장악하여 야만인들로부터 해방하라는 권고<br><br>미주<br>해제 | 김운찬<br>마키아벨리 연보</p>','2022-07-15 12:18:01','2022-07-15 12:18:01',NULL),
(32,'초역 니체의 말',22,'2020-03-10','삼호미디어','105003',14000,300,0.10,'<p>무언가 뚜렷하게 잘못된 것은 없지만 그렇다고 홀가분히 하루를 마치며 편안하게 잠자리에 들 수 없을 때가 있다. 딱히 어떤 말로 표현하기는 힘든, 막막하고 고독한 이 마음을 누군가에게는 이해받고 또 위로받고 싶은 순간이 있다. 《초역 니체의 말》은 그러한 당신에게 담담한 위로와 희망의 말을 건넨다.<br>《초역 니체의 말》은 역사상 가장 위대한 철학자 중 하나로 꼽히는 프리드리히 니체의 글 가운데, 철학과 종교에 관한 해설서의 명쾌함으로 정평이 나 있는 일본의 작가 시라토리 하루히코가 편번역을 맡아 엄선한 232편의 명언을 담은 책이다. 다소 어렵게 느껴졌던 기존 니체의 분위기에서 벗어나 대중에게 좀 더 가까이 다가갈 수 있도록 새롭게 엮어진 《초역 니체의 말》은, 시대를 뛰어넘는 날카로운 통찰력과 함께 현대를 사는 우리의 내면을 자극하는 섬세한 감성으로 찾아온다. 니체의 철학과 강인한 생기, 보다 고귀한 자아를 향해 나아가려는 굳은 의지가 참신하고 짧은 산문체의 글 토막에 고스란히 담겨 있다. 이미 일본에서는 2010년 1월 출간 시점부터 현재까지 1200만이 넘는 독자들이 이 책을 통해 희망과 위로를 얻고 있으며 그 행진은 아직까지도 진행형이다.<br>왜 이토록 《초역 니체의 말》에 열광을 하는 것일까? 니체의 말은 어떠한 철학자보다 강한 흡입력과 통찰력이 있는 짧은 산문체의 글 토막으로 독자에게 다가온다. ‘타인에게 잘 보이기 위한 나’, ‘사회에서 무난하게 살아가기 위한 나’를 만드는 충고가 아닌, 오로지 제대로 된 ‘나’ 자체를 발견하는 시간에 대해 이야기하는 책이다. 다른 무엇보다 온전한 ‘나’를 위한 삶을 먼저 찾아볼 것을 말한다. 그 목소리에는 많은 이들이 쉽게 공감할 수 있되, 특유의 날카로움은 잃지 않은 담담한 어조로 읊조리는 현실의 감성이 묻어난다. 이러한 니체의 말은 복잡한 현대를 살아가는 우리들에게 잠시나마 자신을 되돌아보는 여유와 온기 어린 위로를 가져다준다.<br>니체 특유의 날카롭고 직설적인 화법을 통해 마음을 사로잡는 강력한 매력이 묻어나는 《초역 니체의 말》은 232편의 짧은 글이 10개의 주제로 나뉘어 수록되어 있다. 나 자신에 대한 것으로 시작해 기쁨, 삶, 마음, 친구, 세상, 인간, 사랑, 지성, 아름다움에 대한 명문장들을 읽다 보면 무릎을 탁 치며 찾아오는 깨달음에 전율을 느낄 것이다. 니체의 문장 자체가 흥분시키기보다는 읽는 사람 스스로 자극과 영감을 받는다는 것에 흥분을 느끼는 것이다. 추운 겨울을 코앞에 둔 지금, 19세기 철학자의 뛰어난 통찰력과 날카로움, 삶에 대한 긍정이 담긴 《초역 니체의 말》로 마음을 데워 보는 건 어떨까.</p>','<h2>목차</h2><p>Ⅰ. 자신에 대하여<br>첫걸음은 자신에 대한 존경심에서 / 자신에 대한 평판 따위는 신경 쓰지 마라 / 하루의 끝에 반성하지 마라 / 지쳤다면 충분히 잠을 자라 / 자신을 표현하는 세 가지 / 누구에게나 한 가지 능력은 있다 / 자신의 주인이 되어라 / 자신의 \'왜?\'에 대한 답을 찾지 못하면 길은 보이지 않는다 / 자신의 행위는 세계를 울린다 / 스스로를 아는 것부터 시작하라 / 자신을 늘 새롭게 하라 / 자신을 멀리서 바라보라 / 신뢰를 얻고 싶다면 행동으로 보여라 / 해석의 딜레마 / 자신을 발견하고자 하는 이에게 / 늘 기분 좋게 살아가는 요령 / 주목받고 싶기에 주목받지 못한다 / 호기심에 휘둘리지 마라 / 공포심은 자신의 마음속에서 태어난다 / \'무엇인가를 위해\' 행동하지 마라 / 쉼 없이 노력하라 / 친구를 바라기전에 자신을 사랑하라 / 내 집을 지을 곳은 / 풍요로움은 스스로에게 있다<br><br>Ⅱ. 기쁨에 대하여<br>여전히 기쁨은 부족하다 / 만족이라는 사치 / 하루를 시작하며 생각해야 할 것 / 모든 이들이 기뻐할 수 있는 기쁨을 / 일이란 좋은 것이다 / 함께 살아간다는 것 / 즐겁게 배워라 / 남을 기쁘게 하면 자신도 기쁘다 / 마음에는 언제나 기쁨을 / 이 순간을 즐겨라 / 내면이 깊을수록 섬세함을 즐긴다<br><br>Ⅲ. 삶에 대하여<br>시작하기에 시작된다 / 인생을 최고로 여행하라 / 삶과 강하게 맞서는 것을 선택하라 / 높아지기 위해 버려라 / 조금의 억울함도 없는 삶을 / 단언하면 찬동해 준다 / 안이한 인생을 보내고 싶다면 / 꿈의 실현에 책임져라 / 허물을 벗고 살아가라 / 직업이 주는 하나의 은혜 / 계획은 실행하?ㄴ서 다듬어라 / 생활을 소중히 생각하라 / 아이에게 청결관념을 심어 주어라 / 생활을 디자인하라 / 소유욕에 정복당하지 마라 / 목표에만 사로잡혀 인생을 잃지 마라 / 언젠가는 죽기에 / 인간이기에 젊어진 숙명<br><br>Ⅳ. 마음에 대하여<br>경쾌한 마음을 가져라 / 마음에 빛을 품어야 희망의 빛 또한 알아볼 수 있다 / 풍경이 마음에 선사하는 것 / 매일의 역사를 만들라 / 시점을 바꾸거나 역발상을 하거나 / 마음의 습관을 바꿔라 / 평등에 대한 욕망 / 장점의 이면에 숨어 있는 것 / 승리에 우연을 없다 / 두려워하면 패배한다 / 마음은 태도에 드러난다 / 사실을 보지 못한다 / 반대하는 사람의 심리 / 영원한 적 / 허영심의 교활함 / 영혼은 사치의 물에 노닐길 좋아한다 / 싫증을 느끼는 이유는 자신의 성장이 멈췄기 때문이다 / 활발하기에 지루함을 느낀다 / 피곤할 때에는 사고를 멈춰라 / 쾌감과 불쾌감은 사고가 낳는다 / 왜 자유로운 사람이 멋있는가 / 정신의 자유를 위해서는<br><br>Ⅴ. 친구에 대하여<br>친구를 만드는 방법 / 친구와 이야기하라 / 네 가지 덕을 지녀라 / 친구관계가 성립할 때 / 신뢰관계가 있다면 담담해도 좋다 / 자신을 성장시키는 교제를 추구하라 / 흙발로 들어노는 사람은 사귀지 마라 / 둔감함이 필요하다 / 같은 부류만이 이해할 수 있다 / 우정을 키우는 재능이 좋은 결혼을 부른다<br><br>Ⅵ. 세상에 대하여<br>세상을 초월하여 살랑 / 안정지향이 사람과 조직을 부패시킨다 / 모든 사람들로부터 사랑받지 않아도 된다 / 살아 있는 자신의 의견을 가져라 / 겉모습에 속지 마라 / 타인을 향한 비난은 자신을 드러낸다 / 사소한 것에 힘들어하지 마라 / 많은 사람들의 판다에 현혹되지 마라 / 인정의 기준 / 두 종류의 지배 / 비판이라는 바람을 불어넣어라 / 조직에서 불거져 나오는 사람 / 규칙은 많은 것을 변화시킨다 / 요리와 힘 / 악인에게는 자기애가 부족하다 / 공격하는 자의 내적 이유 / 상황 좋은 해석 / 여우보다 뻔뻔한 것은 / 가짜 교사의 가르침 / 가장 위험한 순간 / 어디서 쾌락을 찾을 것인가 / 정치가를 주의하라 / 선물은 적당히 / 거짓 결단 / 빌린 것은 크게 돌려줘라 / 속은 사람의 슬픔 / 세력가와 권력자의 실태<br><br>Ⅶ. 인간에 대하여<br>상대의 심리를 알고 전하라 / 타인에 대하여 이것저것 생각하지 마라 / 인간의 자연성을 모욕하지 마라 / 인간의 두 가지 유형 / 위인은 괴짜일지 모른다 / 진정 독창적인 사람이란 / 카리스마의 기술 / 체험만으로는 부족하다 / 이길것이라면 압도적으로 이겨라 / 자신의 약점과 결점을 알라 / 약속의 진정한 모습 / 자기 멋대로 행위의 대소를 정하지 마라 / 인생을 살아갈 때의 난간 / 꿈에 책임을 지는 용기를 / 수완가이면서 둔한 듯 보여라 / 자신의 사람됨을 이야기하지 마라 / 사람이 원하는 것 / 어떻게 웃는가, 그것에서 인간성이 드러난다 / 너무 이른 성공은 위험하다 / 착실하게 살지 않는 사람의 심리 / 자기통제는 자유자재로 / 소심한 자는 위험하다 / 타인을 모욕하는 것은 악이다 / 지론을 고집할수록 반대를 당한다 / 수다스러운 사람은 무언가를 숨기고 있다 / 기술 이전의 문제 / 강해지기 위한 악과 독 / 에고이스트의 판단에는 근거가 없다 / 태만에서 나온 신념 / 사람의 고귀함을 보는 눈을 가져라 / 많이 가지려는 사람들 / 여성의 대담함 / 성급한 성격은 인생을 위태롭게 만든다 / 기다리게 하는 것은 부도덕하다 / 뜻밖의 예의 / 선악 판단의 에고이즘 / 거리로 나가라 / 소유의 노예 / 위험해 보이는 것에는 도전하기 쉽다<br><br>Ⅷ. 사랑에 대하여<br>있는 그대로의 상대를 사랑하다 / 사랑의 병에는 / 사랑을 배워 간다 / 사랑하는 방법은 변한다 / 사랑은 비처럼 내린다 / 사랑의 눈, 그리고 바람 / 새롭게 무엇인가를 시작하는 요령 / 사랑이 효력을 발휘하는 곳 / 사랑의 성장에 몸을 맞춰라 / 영원히 사랑할 수 있는가 / 사랑하는 이를 원한다면 / 남자들로부터 매력적이라 여겨지길 원한다면 / 결혼 할 것인지 말 것인지 망설인다면 / 보다 많은 사랑을 원하는 오만 / 여자를 버린 여자 / 사랑은 기쁨의 다리 / 여자의 사랑 속에 간직된 사랑 / 사랑과 존경은 동시에 받을 수 없다 / 사랑은 허용한다 / 진실한 사랑으로 가득한 행위는 의식되지 않는다 / 최대의 오만 / 사랑하는 것을 잊으면 / 사랑하는 사람은 성장한다 / 사랑하는 사람의 눈에 보이는 것<br><br>Ⅸ. 지성에 대하여<br>본능이라는 지성이 생명을 구한다 / 본질을 파악하라 / 시점을 바꿔라 / 인간적인 선과 악 / 학업은 세상을 잘 살아가는 토대가 된다 / 진리의 논거 / 최악의 독자 / 읽어야 할 책 / 시설과 도구는 문화를 낳지 못한다 / 고전을 읽는 이유 / 진정한 교육자는 당신을 해방시킨다 / 번영의 단초 / 일의 완성까지 기다리는 인내를 가져라 / 이상으로 가는 지름길을 파악하라 / 배울 의지가 있는 사람은 지루함을 느끼지 않는다 / 너무 힘주지 마라 / 프로페셔널이 되고 싶다면 / 뒷정리를 잊지 마라 / 추구하는 것은 이곳에 있다 / 가장 짧은 길은 현실이 가르쳐 준다 / 물러서야 비로소 파악할 수 있다 / 자신의 철학을 가지지 마라 / 당신의 정신은 어느 수준인가 / 현명함을 자랑삼아 보일 필요는 없다 / 자신에게 재능을 주어라 / 철저하게 체험하라 / 사고는 언어의 질과 양으로 결정된다 / 멀찌감치 떨어져 되돌아보라 / 냉정에는 두 종류가 있다 / 현명함은 얼굴과 몸에 묻어난다 / 대화의 효용 / 마음을 더 크게 가져라 / 원인과 결과 사이에 존재하는 것 / 합리성만으로 판단하지 마라 / 현실과 본질 모두를 보라 / 표현은 솔직하게<br><br>Ⅹ. 아름다움에 대하여<br>이상과 꿈을 버리지 마라 / 내 안의 고귀한 자신 / 젊은 이들에게 / 쉼 없이 나아가라 / 대비에 의해 빛나게 하라 / 멀리 떨어져 바라볼 때 / 자긍심을 가져라 / 자신의 눈으로 보라 / 나무에게 배워라 / 자연의 온후함 / 또 다른 헌신 / 위대한 노동자 / 인재를 길러낼 때에는 부정하지 마라 / 노련에 이르는 기술 / 지적이고 아름다운 사람을 찾기 위해서는 / 감각을 사랑하라 / 좋은 것으로 가는 길 / 오직 자신만이 증인인 시련</p>','2022-07-15 12:19:59','2022-07-15 12:19:59',NULL),
(33,'세상에서 가장 짧은 한국사',33,'2022-06-15','빅피시','106003',17800,300,0.10,'<p><strong>소설처럼 몰입해서 읽다 보면 역사의 흐름이 단박에 잡힌다</strong></p><p>&nbsp;</p><p>《세상에서 가장 짧은 한국사》는 고대부터 근현대까지 한국사의 가장 중요한 순간들을 소개하면서, 단 한 권으로 역사의 흐름을 단숨에 파악할 수 있도록 돕는다. 특히 120만 유튜브 채널 〈공부왕 찐천재〉 화제의 역사 선생님이자 저자 김재원은 과거와 현재를 끊임없이 연결하며 마치 한 편의 소설처럼 역사를 설명한다. 쉽지만 가볍지 않고, 재미있지만 잊히지 않는 그의 한국사 이야기를 듣다 보면 역사란 교과서에 갇힌 학문이 아닌 오늘의 나와 맞닿은 이야기라는 것을 깨닫게 된다.<br><br>이제 수천 년에 달하는 한국사를 한 권으로 읽어 볼 시간이다. 때때로 숨이 가쁠 때도 있고, 나도 모르게 몰입되어 시간 가는 줄 모를 때도 있을 테다. 하지만 찬찬히 오래전 이야기들을 하나의 맥락에서 이해하다 보면 어느 순간 마지막 장에 닿았을 때 지금의 우리를 만나게 될 것이다.</p><p>&nbsp;</p>','<h2>목차</h2><p>프롤로그. 쉽게 그러나 가볍지 않게 떠나는 한국사 여행<br><br>1장. 고대<br>단군 신화가 실화냐고 묻는다면<br>‘부여’ 출신이라는 게 권력의 상징이던 시절<br>그곳에도 삶이 있었다: 옥저, 동예, 삼한<br>골목 대장 고구려, 광개토왕을 만나다<br>흑역사가 가득한 백제를 위한 변명<br>역전의 용사 신라가 써 내려간 배신의 서사시<br>평화가 아닌 힘을 선택한 가야의 생존 방식<br>본격 세계관의 격돌: 고구려 vs 중국 통일 왕조<br>백제의 최후를 만든 막장 인생, 의자왕<br>고구려의 위기를 부른 가문의 위기<br>삼국 통일, 그 분열과 통합의 역사<br><br>2장. 고려 시대<br>망국을 부활시킨 영웅들<br>고려, 사랑으로 새로운 나라를 빚다<br>환영받지 못한 ‘돗자리 임금님’ 혜종의 비밀<br>황제라 불린 왕, 광종의 대담한 도전<br>음탕한 여인에서 뛰어난 여걸이 되기까지<br>무시하기엔 너무도 강했던 북방의 나라들<br>고려를 움직였던 자들, 문벌<br>요승 묘청의 기묘한 이야기<br>무신 정변: 세상에 무시받아 마땅한 존재는 없다<br>세계를 정복한 대제국 몽골, 고려를 만나다<br>결혼이 정치를 움직이던 시절<br>개혁 군주와 문란한 실정가 사이에 선 인물, 공민왕<br><br>3장. 조선 시대<br>모든 것은 부동산에서 시작됐다<br>혁명의 최종 승리자 이방원, 그가 꿈꾼 나라<br>계유정난: 갓 태어난 국가에 평온은 사치다<br>폭군의 바이블이자 성군의 아들, 연산군<br>임진년에 일어난 동아시아 세계대전<br>전쟁은 모든 것을 바꿔놓았다<br>환국, 조선 정치의 판을 흔들다<br>아버지의 욕망이 빚은 정신질환자 세자<br>‘레트로’를 꿈꾼 왕의 아버지, 대원군<br>1년이 100년 같던 그때 그 시절, 왕이 된 남자 고종<br><br>4장. 근현대<br>1903년, 조선인이 하와이로 떠나야 했던 이유<br>목포는 왜 한국 도시의 역사를 응축한 곳일까?<br>한국인의 교육열은 일제 시대부터 시작됐다<br>강제 징용의 상징, 군함도에서 벌어진 일<br>사실 한국 전쟁은 1948년에 시작됐다<br>권력을 향한 강한 집착, 이승만과 자유당<br>혁명이 낳은 위기, 군인의 세상을 만들다<br>한국 경제 성장의 상징이 무너져 내린 날<br><br>참고 자료</p>','2022-07-15 14:41:56','2022-07-15 14:41:56',NULL),
(34,'거의 모든 것의 역사',34,'2020-04-10','까치','107001',25000,300,0.10,'<p><strong>21세기 최고의 자연과학 분야 베스트셀러</strong><br><strong>가장 유머러스한 과학 작가, 빌 브라이슨의 「거의 모든 것의 역사」</strong><br><strong>오늘의 과학 지식을 반영한, 새로운 디자인의 개역판 출시</strong></p><p>&nbsp;</p><p>2003년 출간된 이래 전 세계의 많은 독자들의 사랑을 받아온 빌 브라이슨의 『거의 모든 것의 역사(개역판)』 이번 개역판은 빠르게 발전하는 현대 과학의 새로운 지식을 반영하고 이전의 번역을 새롭게 다듬은 것이다. 이 책의 저자이자 ‘현존하는 가장 유머러스한 작가’라는 평을 듣는 빌 브라이슨은 3년에 걸쳐 과학에 관한 방대하고 집요한 정보 수집과 학습을 통해 결코 지루하지 않은 과학교양서를 탄생시켰다.<br><br>빌 브라이슨은 이 책에서 대폭발(빅뱅)에서 인류 문명의 출현에 이르기까지 세상의 거의 모든 것을 이해하려는 눈부신 지적 탐험에 나섰다. 그렇다고 따분한 과학의 역사를 지루하게 소개하는 것도 아니다. 우리가 왜 우주와 지구의 역사를 알고 싶어하고, 생물과 인류의 역사를 알고 싶어하는가에서 시작해서, 우리가 살고 있는 우주와 지구는 어떤 모습이고, 생물과 사람은 어떻게 살아가는가에 대한, 우리가 그동안 과학에 대해서 알고 싶어했던 그야말로 ‘거의 모든 것’에 대한 이야기를 담고 있다.</p><p>&nbsp;</p>','<h2>목차</h2><p>감사의 글<br>서문<br><br>제1부 우주에서 잊혀진 것들<br>제1장 우주의 출발<br>제2장 태양계에 대하여<br>제3장 에번스 목사의 우주<br><br>제2부 지구의 크기<br>제4장 사물의 크기<br>제5장 채석공(採石工)<br>제6장 성난 이빨을 드러낸 과학<br>제7장 근원적인 물질<br><br>제3부 새로운 시대의 도래<br>제8장 아인슈타인의 우주<br>제9장 위대한 원자<br>제10장 납의 탈출<br>제11장 머스터 마크의 쿼크<br>제12장 움직이는 지구<br><br>제4부 위험한 행성<br>제13장 충돌!<br>제14장 땅속에서 타오르는 불<br>제15장 위험한 아름다움<br><br>제5부 생명, 그 자체<br>제16장 고독한 행성<br>제17장 대류권 속으로<br>제18장 망망대해<br>제19장 생명의 기원<br>제20장 작은 세상<br>제21장 생명의 행진<br>제22장 모두에게 작별을<br>제23장 존재의 풍요로움<br>제24장 세포들<br>제25장 다윈의 비범한 생각<br>제26장 생명의 물질<br><br>제6부 우리의 미래<br>제27장 빙하의 시대<br>제28장 신비로운 이족 동물<br>제29장 부지런했던 유인원<br>제30장 안녕<br><br>주<br>참고 문헌<br>초판 역자 후기<br>개역판 역자 후기<br>찾아보기</p>','2022-07-15 14:48:53','2022-07-15 14:48:53',NULL),
(35,'메트로폴리스',35,'2021-03-08','매일경제신문사','106001',24300,300,0.10,'<p><strong>인간의 가장 위대한 발명품, 도시의 역사로 보는 인류문명사</strong><br><strong>“문명의 창조, 발전, 교류에 관한 황홀하고 위대한 서사!”</strong><br><br><strong>아테네, 로마, 암스테르담, 바그다드, 런던, 파리, 뉴욕…</strong><br><strong>6,000년간 인류 문명을 꽃피운 26개 도시로 떠나는 세계사 대항해</strong></p><p>&nbsp;</p><p>ㆍ 도시는 어떻게 탄생했으며, 어떻게 인류의 삶을 지배했는가?<br>ㆍ 정치, 국제교역, 기술발전, 예술 등 문명의 결실은 도시 역사 속 어떻게 잉태되는가?<br>ㆍ 기후변화와 팬데믹 등 위기를 넘어 미래 도시가 나아갈 방향은 어디인가?<br><br>도시의 역사는 곧 인류의 역사다. 기원전 4000년, 최초의 도시가 탄생한 이래, 정치ㆍ경제ㆍ문화ㆍ종교ㆍ예술 등 인류의 모든 문명은 곧 도시의 발전과 그 궤적을 함께해왔다. 이 책은 인간의 가장 위대한 발명품인 도시의 역사를 통해 인류문명사의 발전을 따라가보고, 팬데믹과 환경오염 등 치명적인 위기에 직면한 도시와 인류 문명의 나아갈 방향에 대해서 이야기한다.</p><p>&nbsp;</p>','<h2>목차</h2><p>머리말 대도시의 세기<br>한국어판 서문<br>세계 지도<br><br>1장 도시의 여명<br>우루크, 기원전 4000~1900년<br><br>2장 에덴동산과 죄악의 도시<br>하라파와 바빌론, 기원전 2000~539년<br><br>3장 국제 도시<br>아테네와 알렉산드리아, 기원전 507~30년<br><br>4장 목욕탕 속의 쾌락<br>로마, 기원전 30년~서기 537년<br><br>5장 다채로운 식도락의 향연<br>바그다드, 537~1258년<br><br>6장 전쟁으로 일군 자유<br>뤼벡, 1226~1491년<br><br>7장 상업과 교역의 심장<br>리스본, 믈라카, 테노치티틀란, 암스테르담<br>1492~1666년<br><br>8장 카페인 공동체와 사교<br>런던, 1666~1820년<br><br>9장 지상에 자리 잡은 지옥<br>맨체스터와 시카고, 1830~1914년<br><br>10장 파리 증후군<br>파리, 1830~1914년<br><br>11장 마천루가 드리운 그림자<br>뉴욕, 1899~1939년<br><br>12장 섬멸<br>바르샤바 1939~1945년<br><br>13장 교외로 범람하는 욕망<br>로스앤젤레스, 1945~1999년<br><br>14장 역동성으로 꿈틀대는 미래 도시<br>라고스, 1999~2020년<br><br>감사의 말<br>미주<br>색인</p>','2022-07-15 14:53:39','2022-07-15 14:53:39',NULL),
(36,'세계사를 바꾼 커피 이야기',36,'2022-06-17','사람과나무사이','106002',18000,300,0.10,'<p><strong>수피교도가 ‘욕망을 억제하기 위해 마시던 검은 음료’</strong><br><strong>커피가 역설적으로 상업자본가와 정치권력자의 욕망을 자극하며 유럽과 세계를 제패하다</strong></p><p>&nbsp;</p><p>커피는 어떻게 세계사를 바꿨을까? 이 책은 ‘커피와 커피하우스가 없었다면 프랑스대혁명도 일어나지 않았을 것이다?!’, ‘영국에서 커피가 홍차에게 밀려난 원인이 여성을 배제했기 때문이라고?’, ‘세계사의 흐름을 바꾼 독일혁명의 트리거를 당긴 것이 커피였다는데?’ 등 이슬람 수피교도가 욕망을 억제하기 위한 도구로 마시던 ‘검은 음료’가 역설적으로 상업자본가와 정치권력자의 ‘검은 욕망’을 자극하며 아라비아와 유럽, 나아가 전 세계를 제패한 이야기를 다룬다.</p>','<h2>목차</h2><p>서문 커피와 권력이 서로를 갈망하고 이용하며 세계사의 물줄기를 바꾸다<br><br>01 이슬람 세계를 지배한 ‘검은 음료’ 커피<br><br>ㆍ 이슬람 신비주의 종파 수피교 수도사들은 왜 ‘커피’에 매료되었을까<br>ㆍ ‘커피는 본래 와인이었다’라는 말의 숨은 의미는?<br>ㆍ 이슬람 커피 세계사에 뚜렷한 족적을 남긴 커피 탄압 사건, ‘메카 사건’<br>ㆍ 예멘 커피상인이 만든 희대의 히트 카피-‘커피에 잠잠성수와 같은 효과가 있다’<br><br>02 커피의 상업적 가치를 간파하고 이익을 극대화한 이슬람과 유럽 상인<br><br>ㆍ17세기 전 세계 커피시장의 유일한 공급원이던 국가, 예멘<br>ㆍ 커피 교역 독점권을 남아라비아 상인에게서 빼앗은 카이로 거상들<br>ㆍ 17~18세기, 유럽의 상업자본가들은 왜 그토록 커피의 ‘상품 이미지’를 만드는 일에 골몰했을까<br>ㆍ 역사상 최초로 커피 플랜테이션을 운영해 이익을 극대화하고 커피산업의 메커니즘을 송두리째 바꿔놓은 네덜란드 상인<br><br>03 영광의 자리를 홍차에게 빼앗긴 영국 커피<br><br>ㆍ 17세기 후반, ‘없는 것을 계속 만들어내야 하는’ 영국에게 유용한 도구가 되어준 커피하우스<br>ㆍ 청교도혁명이 한창일 때 런던 최초의 커피하우스가 문을 연 것이 과연 우연일까?<br>ㆍ 근대시민사회의 ‘인큐베이터’로 자리매김한 커피하우스<br>ㆍ 무엇이 영국인을 커피와 커피하우스에서 멀어지게 했나<br><br>04 프랑스혁명의 인큐베이터가 된 커피와 카페<br><br>ㆍ 16세기, 오스만제국의 헝가리 부다페스트 정복을 결정적으로 도운 ‘검은 수프’, 커피<br>ㆍ 오스만튀르크 대사 술레이만 아가가 역설적으로 적대국인 프랑스 커피문화 정착의 결정적 공로자가 될 수 있었던 이유<br>ㆍ ‘커피가 건강에 해롭다’라는 속설이 오히려 프랑스에서 독특한 커피문화가 발달하는 기폭제가 되었다는데?<br>ㆍ 프랑스인에게 ‘커피가 얼마나 훌륭한 음료인가’ 하는 결정적 인상을 심어준 책, 몽테스키외의 『페르시아인의 편지』<br>ㆍ 프랑스 커피 역사를 송두리째 뒤바꿔놓은 ‘암스테르담 시장이 루이 14세에게 바친 커피나무’<br>ㆍ 커피가 ‘니그로의 땀’이라는 무시무시한 별명으로 불리게 된 은밀하고도 잔혹한 이유<br>ㆍ 프랑스 커피문화 형성과 발전에 기여한 주연배우와 조연배우들<br>ㆍ 커피와 카페가 없었다면 프랑스 계몽주의 운동도 없었다?<br>ㆍ 프랑스혁명의 아지트이자 도화선 역할을 한 역사적 카페<br>ㆍ 프랑스 커피 역사의 중요한 중심축, 아이티 커피 플랜테이션<br><br>05 커피를 원하는 권력, 권력을 원하는 커피<br><br>ㆍ 프랑스 황제가 된 나폴레옹은 왜 ‘커피’에 집착했을까<br>ㆍ 프로이센의 프리드리히 대왕이 의사들에게 명령해 ‘커피에 독성분이 있다’는 거짓 소문을 내게 한 까닭은?<br>ㆍ 프로이센 시대 독일인이 반나폴레옹 해방전쟁에 나선 이유는 ‘진짜 커피’에 대한 강렬한 욕망 때문이었다?<br>ㆍ 군국주의 메커니즘을 통해 시민권을 얻은 베를린의 콘디토라이<br>ㆍ ‘커피는 포르투갈 말을 한다’라는 말의 의미는?<br><br>06 19세기 후반, 식민지정책을 통한 동아프리카 커피 플랜테이션에 광적으로 몰입한 독일<br><br>ㆍ 19세기 후반, 독일이 뒤늦게 제국주의적 식민지 경쟁에 뛰어든 이유는 피임기구 개발이 늦어져 인구가 폭발적으로 증가했기 때문이다?<br>ㆍ 19세기 말, 독일인은 왜 광기에 가까운 열정으로 커피 플랜테이션 산업에 뛰어들었나?<br>ㆍ 독일 커피 플랜테이션이 필연적으로 실패할 수밖에 없었던 근원적 이유<br>ㆍ 독일 동아프리카 식민지 괴멸로 이어진 흑인반란, 마지마지 봉기<br>ㆍ 독일의 동아프리카 커피 플랜테이션 패러다임을 혁명적으로 바꾼 발터 라테나우<br>ㆍ 독일인이 아프리카 부코바 플랜테이션에서 만든 커피가 ‘모카’라는 이름을 달고 유럽에서 날개 돋친 듯 팔려 나가다<br>ㆍ 제1차 세계대전 이후 독일에 두고두고 치유하기 힘든 화근이 된 아프리카 식민지 경영<br><br>07 바이마르공화국의 숨통을 끊어놓은 브라질의 ‘커피 대량 폐기 사건’<br><br>ㆍ커피문명과 전쟁이 서로 불구대천의 원수일 수밖에 없는 까닭<br>ㆍ ‘검은 음료’ 커피가 촉발시킨 독일혁명<br>ㆍ 커피가 국민음료가 되었음에도 영국ㆍ프랑스와 달리 정치적 카페가 자리 잡지 못한 숨은 이유<br>ㆍ 전 세계 커피 총생산량 4분의 3 이상을 담당하고 국민 90퍼센트가 커피 생산에 종사하던 커피 대국 브라질이 1930년대에 엄청난 양의 커피를 바다에 버리거나 소각한 이유는?<br><br>08 자국의 식민지이자 커피 생산지인 나라에 ‘극단적 모노컬처’를 강요하는 유럽 강대국<br><br>ㆍ아우슈비츠 수용소장 루돌프 헤스가 유대인을 가스실로 몰아넣으며 ‘목욕이 끝나면 따뜻한 커피를 주겠다’고 거짓 약속한 이유<br>ㆍ 자본주의 상품사회 대표 상품 커피가 지닌 이중성<br>ㆍ 유럽 강대국이 자국 식민지이자 커피 생산지인 나라에 ‘극단적 모노컬처’를 강요한 이유<br><br>참고문헌</p>','2022-07-15 14:59:57','2022-07-15 14:59:57',NULL),
(37,'합스부르크, 세계를 지배하다',37,'2022-07-13','까치','106004',30000,27000,0.10,'<p><strong>“합스부르크 가문의 영토는 해가 지지 않는 최초의 제국이었다.”</strong><br><strong>유럽을 세계사의 중심으로 만든 최고의 가문, 합스부르크의 1,000년</strong></p><p>&nbsp;</p><p>합스부르크는 신성 로마 제국의 황제, 오스트리아-헝가리 제국의 왕, 스페인-포르투갈 왕국의 왕으로서 중앙 유럽과 아메리카 대륙, 아프리카와 극동 아시아까지 방대한 영토를 지배한 가문이다. 수 세기 동안 유럽 최고의 왕좌를 차지했던 합스부르크 가문은 숱한 전쟁에서 핵심적인 역할을 했으며, 혁명의 중심에 있었고, 때로는 지식과 학문의 후원자로, 때로는 가톨릭 신앙의 수호자이자 평화의 보증인으로 자처하며 유럽을 세계사의 중심으로 만들었다. 이 책은 합스부르크 가문의 역사에서 명확하게 파악이 가능한 가장 이른 시기인 10세기부터 왕조가 몰락하는 20세기까지의 역사를 포괄적으로 살펴보며, 정치, 사회, 문화, 예술에 합스부르크 가문이 미친 영향을 톺아본다. 국내에서는 처음으로 합스부르크 가문의 통사를 다룬 이 책을 통해서 독자들은 탄탄한 역사적 근거와 저자의 탁월한 재치로 재현된 당대 최고의 가문의 흥망성쇠를 생생하게 살필 수 있을 것이다.</p><p>&nbsp;</p>','<h2>목차</h2><p>합스부르크 가계도<br>서론 황제의 도서관<br><br>제1장 합스부르크 성과 포틴브라스 효과<br>제2장 신성 로마 제국과 황금의 왕<br>제3장 입지 상실과 과거 날조<br>제4장 프리드리히 3세 | 토성과 화성<br>제5장 막시밀리안과 색깔로 분류된 왕들<br>제6장 카를 5세 | 세계의 통치자<br>제7장 헝가리와 보헤미아, 그리고 개신교의 도전<br>제8장 펠리페 2세 | 신대륙, 종교적 이견, 황실의 근친결혼<br>제9장 돈 후안과 레판토의 갤리 선들<br>제10장 루돌프 2세와 프라하의 연금술사들<br>제11장 이단자들의 승리<br>제12장 페르디난트 2세, 거룩한 집, 그리고 보헤미아<br>제13장 30년간의 “세계대전”<br>제14장 비정상 제국과 빈 전투<br>제15장 스페인의 보이지 않는 주권과 광인왕의 죽음<br>제16장 바로크 양식의 연극<br>제17장 마리아 테레지아, 자동인형, 관료들<br>제18장 무역상과 식물학자, 그리고 프리메이슨<br>제19장 흡혈귀 미신, 계몽주의, 위로부터의 혁명<br>제20장 여대공과 합스부르크령 저지대 국가<br>제21장 검열관, 자코뱅파, 「마술피리」<br>제22장 메테르니히와 유럽의 지도<br>제23장 1848년 | 폰 노이만의 일기와 「라데츠키 행진곡」<br>제24장 프란츠 요제프의 제국, 시시, 그리고 헝가리<br>제25장 막시밀리안, 멕시코, 그리고 왕가의 죽음<br>제26장 불만의 정치와 1908년 축하 행사<br>제27장 탐험가들, 유대인들, 그리고 전 세계의 지식<br>제28장 사냥꾼과 사냥감 | 프란츠 페르디난트와 보스니아<br>제29장 세계대전과 해체<br><br>결론<br>감사의 말<br>화보 출처<br>더 읽어볼 만한 책들<br>주<br>인명 색인</p>','2022-07-15 15:03:04','2022-07-15 15:03:04',NULL),
(38,'기하학 세상을 설명하다',38,'2022-07-13','브론스테인','107002',28000,300,0.10,'<p><strong>“기하학은 교실의 냄새가 남아 있는 문화적 유물이 아니고,</strong><br><strong>과거의 그 어느 때보다 빠르게 발전하는, 살아있는 주제다.”</strong><br><strong>만물의 기저에 숨어 있는 기하학을 통해 우리가 사는 현실 세상을 읽다!</strong></p><p>&nbsp;</p><p>고등학교에서 수학 수업을 들었던 기억이 있다면, 기하학이란 단어를 보자마자 고대로부터 전해 내려온 학문이며, 피타고라스나 유클리드와 같은 수학자들의 이름이 희미하게 떠오르게 하는 과목으로 기억하고 있을 지도 모른다. 어쩌면 기하학이란 피타고라스의 정리처럼 모양이나 형태에 대하여 직관적으로 당연하게 보이는 사실을 증명하는, 길고 복잡한 수학적 방법으로 기억하고 있을지도 모른다. 그러나 그것은 기하학의 아주 작은 부분일 뿐이다. 조던 엘렌버그는 당신이 알고 있는 기하학이 아주 작은 부분에 불과하다는 사실을 알려주면서 오늘날 기하학이 빠르게 발전하는 현대적 학문이라는 사실을 흥미로운 주제를 통해 설명한다.</p>','<h2>목차</h2><p>감수의 글<br>서문 어디에 있고 어떻게 생겼는지<br>강함은 매혹이다<br><br>1장 나도 유클리드에게 투표한다<br>얼어붙은 형식주의 / 보라! / 당나귀의 다리를 건너서 / 동일한 팔<br><br>2장 빨대에는 구멍이 몇 개나 있을까?<br>서투른 그림을 이용한 훌륭한 추론 / 뇌터의 바지 / “오늘날 N차원 기하학이 실제적 객체라는 사실을 의심하는 사람은 없다”<br><br>3장 다른 것에 같은 이름 붙이기<br>스크런치 기하학(SCRONCHOMETRY) / 앙리, 내가 시공간을 스크런치했어<br><br>4장 스핑크스의 파편<br>컷! / 한 모금의 수프도 맛이 같다 / 자연에게 보내는 편지 / 거래소로 향하는 랜덤워크 / 전혀 예상치 못한 생명력의 실상 / 자유의지 대 분노하는 안드레이 / PONDENOME OF DEMONSTURES OF THE REPTAGIN<br><br>5장 그의 스타일은 천하무적이었다<br>아크바르, 제프, 그리고 님의 나무 / 나무의 열정 / 님의 나무 / 등등… / 미스터 니마트론의 세계 / 부드러운 단추의 필요성 제거하기, 거트루드 스타인 지음 / 완벽한 승리 / 나의 프로그래머는 하느님이었다 / 아프리카의 글래스고<br><br>6장 시행착오의 신비한 힘<br>오팔과 진주 / 중국 가설 / 취하고 또 취한 바둑 / 전략의 공간<br><br>7장 인공지능의 등산<br>탐욕은 꽤 좋다 / 내가 맞을까? 틀릴까? / DX21 / 도처에 있는 자동차 열쇠<br><br>8장 당신은 자신의 마이너스 촌수이다, 그리고 다른 지도들<br>모든 단어의 지도<br><br>9장 3년 동안의 일요일<br><br>10장 오늘 일어난 일은 내일도 일어난다<br>신의 생각 중에 가장 중요한 것은 아닌 / 지나치게 안심할 수는 없는 / 내년에는 77조 명의 사람이 천연두에 걸릴 것이다 / 콘웨이의 게임 / 백인은 늙었다 / 어느 동전이 매독에 걸렸을까? / 윙-윙 / 라구 라구 라구 라구 / 사건의 법칙 / 모든 점이 전환점이다<br><br>11장 무시무시한 증가의 법칙<br>위대한 제곱비 / 그러나 일부는 유용하다 / 커브 피터와 리버스 엔지니어<br><br>12장 나뭇잎의 연기<br>다코타와 다코타 / 특정한 비율을 찾아서 / 다코타와 다코타 다시 보기 / 구글이 작동하는 방식, 또는 장거리 보행의 법칙 / 화음 속의 음<br><br>13장 공간의 주름<br>피자의 주름 / 그러면 당신의 에르되시-베이컨 수는 얼마인가? / 그래프와 책벌레 / 장거리 독심술 / 세계에서 유일한 카르딤 / 셀마 라겔뢰프의 여섯 단계<br><br>14장 수학은 어떻게 민주주의를 파괴했나(그리고 어떻게 구원할 수 있을까)<br>공격적인 조의 삶과 시간 / 인위적인 구분과 삼단논법의 미묘함 / 누가 크레이올라를 지배하는가? / ‘소수의 지배가 확립되었다’ / 도널드 덕을 그만 걷어차 / 그릿츠를 두들겨라! / 격차를 주의하라 / 양당의 부정행위 / 잘못된 질문 / 술 취한 선거구 획정 / 그래프, 나무, 그리고 구멍의 위풍당당한 귀환 / 미합중국 대 참치 샌드위치 / ‘정치적 격변을 통해서만 타도할 수 있는’<br><br>결론 나는 정리를 증명하고 집은 확장된다<br>사실의 영혼 / 내 아이들이 나를 이겼다!<br><br>감사의 글<br>노트</p>','2022-07-15 15:06:20','2022-07-15 15:06:20',NULL),
(39,'미적분으로 바라본 하루',39,'2015-01-27','프리렉','107002',15000,300,0.10,'<p>[미적분으로 바라본 하루]는 어렵게 느끼던 미적분을 일상의 하루를 통해 스토리텔링으로 쉽게 이해할 수 있도록 풀어쓴 책이다. 미적분학을 통해 사람의 혈관이 특정한 각도를 유지하면서 나뉘는 이유를 설명하고, 왜 공중으로 던진 모든 물체가 포물선을 그리는지, 시간 여행을 할 수 있다는 것, 우주가 팽창하고 있다는 것을 증명하면서 우리가 알고 있는 시간과 공간에 대해서 다시 생각해 보게 한다.</p>','<h2>목차</h2><p>들어가며<br><strong>1장 일어나서 함수의 냄새를 맡아보자!</strong><br>삼각 함수가 여러분의 아침과 무슨 상관이 있을까?<br>어떻게 유리 함수가 토머스 에디슨을 좌절하게 했을까? 어떻게 전자기 유도가 세상에 동력을 제공할까?<br>공기 중에 숨어 있는 로그<br>삼각 함수의 주파수<br>갈릴레오의 포물선<br><br><strong>2장 뉴턴의 집에서 아침 식사를 하자</strong><br>CNBC 방식으로 알아보는 미적분<br>커피에도 극한이 있다<br>하루에 종합 비타민 하나면 건강 걱정 끝<br>도함수는 변화를 설명한다<br><br><strong>3장 도함수로 이루어진 모든 것</strong><br>어떻게 비 오는 날 살아남을 수 있는 걸까?<br>정치에도 도함수가 있는 걸까 아니면 도함수에 정치가 포함된 걸까?<br>실업률을 통해 그래프의 곡률을 배워보자<br>폭증하는 미국의 인구<br>도함수를 느껴보자<br>시간 여행의 미적분<br><br><strong>4장 미적분으로 연결된 모든 것</strong><br>이메일, 문자, 트위터, 아!<br>감기의 미적분학<br>지속 가능성과 감기에 걸리는 것이 무슨 관계가 있을까?<br>퇴직 소득과 교통 체증이 어떤 관계가 있을까?<br>달콤함의 미적분학<br><br><strong>5장 미적분을 한잔 마시면 조금 나아질 거야</strong><br>내 심장의 미분<br>생명과 자연 속의 미적분학<br>미적분을 통해 가능한 손익을 살펴보자<br>집으로 돌아가는 최적의 길<br>미적분을 통해 효율적으로 속도위반을 잡아보자<br><br><strong>6장 미적분의 방식대로 더해보자</strong><br>적분이라는 이름의 장치<br>미적분학의 기본 정리<br>적분을 통해 대기 시간을 추정해보자<br><br><strong>7장 미분과 적분으로 이루어진 드림팀</strong><br>적분이 탄두리 치킨에도 작용할까?<br>영화관에서 가장 좋은 좌석을 찾아보자<br>미적분을 통해 지하철이 문제없이 운행되게 하자<br>고개를 들어 과거를 보자<br>우주의 궁극적인 운명<br>우주의 나이<br><br>끝맺는 말<br>부록 A 함수와 그래프<br>부록 1 ~ 7<br>참고문헌<br>찾아보기</p>','2022-07-15 15:10:24','2022-07-15 15:10:24',NULL),
(40,'지정학의 힘',40,'2020-11-18','아카넷','108002',18000,300,0.10,'<p><strong>한반도에는 지정학의 힘이 있다!</strong><br><strong>지정학의 덫에 갇힐 것인가, 넘어설 것인가</strong><br><strong>지금 우리에겐 ‘한반도의 지정학’이 필요하다</strong></p><p>&nbsp;</p><p>한반도의 운명을 결정한 것은 이념이 아닌 지정학이었다. 지리는 쉽게 사라지지 않는다. 강대국들의 욕망 또한 쉽게 사라지지 않는다. 한반도가 지정학적 올가미에서 벗어나기 위해서는 무엇보다 지정학적 현실을 정확히 인식하고 이를 극복하려는 의지가 필요하다. 이제는 강대국의 지정학적 굴레에 수동적으로 갇혀 있기보다는 한반도에 더 나은 지정학적 구도를 모색하여야 한다. 무엇보다 한반도가 가지고 있는 지정학의 힘을 우리 것으로 만들 수 있는 지정학적 상상력이 필요하다. 이 책은 우리가 가지고 있는지조차 몰랐던 새로운 가능성의 지도를 제시한다.</p><p>&nbsp;</p>','<h2>목차</h2><p>들어가는 말<br><br>1. 마한_시파워<br>2. 매킨더_랜드파워<br>3. 하우스호퍼_레벤스라움<br>4. 스파이크먼_림랜드<br>5. 키신저_지정학의 부활<br>6. 브레진스키_일극에서 다극으로<br>7. 러시아_제국의 추억<br>8. 일본_접신의 지정학<br>9. 중국몽_일대일로<br>10. 세계도 쟁탈전<br>11. 한반도_지정학의 덫<br><br>후기<br><br>참고문헌<br>도판 출처<br>찾아보기</p>','2022-07-15 15:14:44','2022-07-15 15:14:44',NULL),
(41,'식량위기 대한민국',41,'2022-06-20','웨일북','108003',18500,300,0.10,'<p><strong>식량 대란, 원자잿값 상승… 유례없는 기후파국의 시작</strong><br><strong>국내 최초, 식량 안보의 관점에서 풀어내다!</strong><br><br><strong>“이미 식량난 대비를 마친 미국, 유럽, 호주…한국은 준비조차 되지 않았다”</strong></p><p>&nbsp;</p><p>유엔 기후변화 전문가이자 코이카 농업 ODA 전문가 남재작 박사는 “탄소중립과 식량 안보 없이는 더 나은 미래를 논할 수 없다”라고 말한다. 특히 식량자급률이 매우 낮은 한국은 이 위기에 가장 취약함에도 전혀 준비되지 않았다고 주장한다. 국내 최초로 기후변화와 식량난을 같이 풀어낸 《식량위기 대한민국》은 우리가 외면하고 싶어 하는 기후 위기에 대한 올바른 지식과 함께 여섯 번째 대멸종에서 벗어날 수 있는 해답을 모색해 나간다. 1.5도의 상승은 우리에게 어떤 영향을 끼칠지, 기후변화로 일어날 식량 위기를 어떻게 대처해야 할지, 한국은 탄소중립에 도달할 수 있을지 등 통찰력 있게 이야기한다. 예전으로는 이제 되돌아갈 수 없는, 앞으로 30년은 지금까지 인류가 살아보지 못한 전혀 다른 지구를 경험할 것이다. 그럼에도 세계가 함께 노력하고, 한국이 대안을 논의하고, 개인이 위기를 인식한다면 아직 희망은 있다.</p>','<h2>목차</h2><p>추천의 글<br>프롤로그: 뜨거운 지구, 배고픈 식탁<br><br>1장 식량난 임박, 지구에 도대체 무슨 일이?<br><br>하늘을 쳐다보지 마 │ 이미 변해버린 것에 언제 변할지를 묻다 │ IPCC 제6차 보고서의 의미 │ 세계가 기후변화를 인정해 온 과정 │ 1.1도의 지구에서 바라본 미래의 지구 평균기온 │ 기후변화 시나리오의 이해 │ 작은 차이, 큰 영향 1.5도 vs 2도 │ 기후변화는 약한 고리부터 공격한다 │ 해수면 상승이 초래한 기후 난민 │ 생활 속의 기후변화 │ 다음 여정을 위한 준비: 갈림길에 서서<br><br>2장 우리가 만들어온 기후 위기의 발자취<br><br>인구수의 딜레마 │ 지구 주인은 누구일까? │ 시그모이드 곡선 │ 공기로 빵을 만들다 │ 고삐 풀린 인구와 농업의 발전 │ 수확체감의 법칙 │ 토양과 문명 │ 지속 가능성 위기 │ 지구의 항상성과 가이아 이론 │지구의 탄소순환 │ 양성 되먹임과 티핑 포인트 │ 지구 기후의 지뢰밭 │ 질소비료가 기후변화의 원인? │화학비료를 위한 변명 │ 우리나라 질소순환의 변화 │ 녹색혁명 │ DDT와 환경운동의 태동 │ 육류 소비 증가의 영향 │ 소는 새로운 석탄일까? │ 움직이는 과녁 │ 네 번째 파도 │ 생물 다양성의 붕괴<br><br>3장 한국은 탄소중립 약속을 지킬 수 있을까?<br><br>위기를 인식하기까지 │ 탄소 시계와 탄소 예산 │ 온실가스 배출원에 대한 이해 │ 산업별 배출량과 재생에너지 생산 │ 토지이용 변화의 영향 │ 재생에너지 시대의 시작 │ 전기 요금은 인상할 수 있을까? │ 답답한 재생에너지 전환 │ 재생에너지를 둘러싼 갈등 │ 에너지 전환 │ 간헐성을 극복하기 위한 노력들 │ 미래의 전력망, 마이크로그리드 │ 검은 연기에 뛰던 가슴은 검은 패널에도 뛸까? │ 징검다리로 등장한 메탄 1 │ 농축산 분야의 메탄, 줄일 수 있을까? │ 늙어가는 산림 │ 논쟁의 중심에 선 산림 경영 │ 산불, 기후변화의 결과이자 원인 │ 식량 공급망의 안정화와 지속 가능성 │ 우리 농업의 탄소중립 │ 딜레마, 우리는 탄소중립에 도달할까?<br><br>4장 식량 안보 없이 미래는 없다<br><br>먼저 온 미래 │ 기후와 식량 │ 식량과 문명의 종말 │ 위기의 벼농사 │ 아프리카에서 만난 벼 │ 풍성한 식탁, 위기의 식량 │ 식량의 경제학 │ 식량자급률은 높아질 수 있을까? │ 개방형 또는 고립형 식량 구조 │ 식량 위기가 초래한 파국 │ 미세먼지는 잊어버려, 기후가 진짜 문제 │ 글로벌 식량 공급망의 다변화 │ 일본과 호주의 농업 협력 사업 │ 새로운 생산, 음식물 쓰레기를 줄여라 │ 식품 낭비를 인식하기 위한 노력들 │ 식량 안보를 위한 조건<br><br>5장 더 나은 미래를 위한 기회는 아직 있다<br><br>기후는 변했다 │ 아직 기회가 남아 있다 │ 무엇을 해야 할까? │ 불평등은 기후를 악화시킨다 │ 탄소 배출을 줄일 수 있을까? │ 기후정의와 정의로운 전환 │ ?蝸?르크와 노르망디 │ 대지에 입맞춤을 │ 좋은 토양은 좋은 음식을 만든다 │ 토종과 종 다양성 │ 농업의 다양성을 위한 노력들 │ 유럽의 관점에서 본 식량의 미래 │ 아리아드네의 실 │ 미래를 위한 변명 │ 우리가 해야 할 일 │ 더 나은 미래를 위해<br><br>에필로그: 지금의 세계와 30년 후 세계는 같지 않다</p>','2022-07-15 15:18:36','2022-07-15 15:18:36',NULL),
(42,'테라피스트',42,'2021-12-06','모모','101002',16000,300,0.10,'<p><strong>극도의 불안이 흐르는 스토리와 통쾌한 반전!</strong><br><strong>끝을 보기 전까지 책을 절대 내려놓을 수 없다!</strong></p><p>&nbsp;</p><p>출간 즉시 전 세계 100만 부 판매, 40개국 언어로 번역된 〈뉴욕타임스〉 베스트셀러 《비하인드 도어》로 데뷔해 독특한 심리 스릴러물의 대가라 인정받은 B. A. 패리스가 《브링 미 백》 《브레이크 다운》 《딜레마》에 이어 다섯 번째 작품 《테라피스트》로 한국 독자들의 심장을 공포와 불안으로 물들이기 위해 돌아왔다. 평범한 여성을 주인공으로 삼고 그들이 처한 특수한 상황과 교묘한 심리를 집요하게 파고들어 독자들을 옴짝달싹 못 하게 만드는 패리스 작가만의 서늘한 서스펜스가 《테라피스트》에서는 한층 더 강해졌다.<br>《테라피스트》는 보안이 철저한 만큼 폐쇄적이며, 이웃과 끈끈한 만큼 서로를 감시하는 눈길을 거두지 않는 런던의 고급 주택 단지라는 특수한 배경에서 이야기가 펼쳐진다. 고통스러운 트라우마로 불안정한 심리 상태에 놓인 주인공 앨리스가 겪는 의문의 사건들은 현재와 과거의 시점이 교차하면서 예측하기 힘든 방향으로 천천히 달려간다. 의심과 불안이 극한에 달하는 순간 마주하는 반전은 그간 쌓아온 복선의 설계를 한눈에 파악할 수 있는 통쾌함과 시원함을, 오래 기다렸다 받는 선물처럼 기분 좋게 선사한다.</p><p>&nbsp;</p>','<h2>목차</h2><p>테라피스트<br>감사의 말<br>옮긴이의 말</p>','2022-07-15 15:43:41','2022-07-15 15:43:41',NULL),
(43,'비하인드 도어',42,'2021-12-06','모모','101002',15000,300,0.10,'<p><strong>전 세계 100만 부 판매, 40개국 번역!</strong><br><strong>출간 즉시 B. A. 패리스 열풍을 불러일으킨 심리 스릴러</strong></p><p>&nbsp;</p><p>백화점에서 일하는 평범한 삼십 대 여성 그레이스의 인생에 잘생기고 능력 있는 ‘완벽남’ 잭이 등장하면서 《비하인드 도어》는 시작한다. 그러나 인생 최고의 행운인 줄로만 알았던 그녀의 결혼이 실은 사이코패스가 먹잇감을 옭아매고자 정교하게 짜놓은 거미줄이었다는 사실이 드러난다. 달콤한 행복에 젖어 무장 해제된 상태에서 사이코패스인 남편의 놀이동산에 입장한 그레이스……. 다운증후군을 앓고 있는 여동생 밀리가 그곳에 오기 전까지 그녀는 과연 남편의 손아귀에서 벗어날 수 있을까?</p>','<p>비하인드 도어<br>감사의 말<br>옮긴이의 말</p>','2022-07-15 15:49:13','2022-07-15 15:49:13',NULL),
(44,'릴케 시집',44,'2014-04-20','문예출판사','102002',13000,300,0.10,'<p><strong>시인 라이너 릴케의 시대별 시집을 한 권에 모았다!</strong></p><p>&nbsp;</p><p>『릴케 시집』은 우리나라 문학계를 이끌어온 시인들에게 지대한 영향을 끼친 시인 라이너 마리아 릴케의 시를 모아 엮은 책이다. 동경과 환상, 불안, 꿈과 순수한 사랑을 소박하게 그리고 있는 《첫 시집》과 소녀를 주제로 해 섬세한 직관과 깊은 이해력을 보여준 《초기 시집》, 《시도서(時禱書)》, 《형상 시집》이 한데 묶여 있다.<br><br>릴케의 시적 창작의 흐름을 엿볼 수 있도록 릴케의 시대별 시집 네 권을 하나로 묶은 이 책에는 청초하고도 서정적인 풍경을 화폭에 그려낸 모네, 르누아르, 마네, 세잔, 고흐 등 프랑스 후기 인상파 화가들을 비롯해, 내면의 고독과 철학 세계를 표현한 뭉크, 모딜리아니, 클레 등 유럽의 유수한 여러 화가들의 작품을 함께 수록했다. 명화를 통해 시의 언어를 머릿속에 그려보고, 시를 통해 아름다운 이미지를 연상해볼 수 있도록 구성되어 있어 좀 더 흥미롭게 릴케의 시를 감상할 수 있을 것이다.</p><p>&nbsp;</p>','<h2>목차</h2><p>첫 시집<br>초기 시집<br>시도서<br>형상 시집<br><br>해설 : 라이너 마리아 릴케의 시</p>','2022-07-15 15:56:39','2022-07-15 15:56:39',NULL),
(45,'악의 꽃',45,'2021-06-20','더스토리','102002',13800,300,0.10,'<p><strong>프랑스 상징주의 시인 샤를 보들레르가 남긴 단 하나의 시집</strong></p><p>&nbsp;</p><p>제목부터 강렬하고 도발적인 프랑스 상징주의 대표시인 샤를 보들레르의 시집 《악의 꽃》이 더스토리 1857년 오리지널 초판본 표지디자인으로 새롭게 출간되었다. 이 시집은 시인 보들레르가 1840년대부터 쓰기 시작해서 갑자기 죽음을 맞은 1867년까지 쓴 운문으로 된 작품을 거의 다 싣고 있는 모음집이다. 출간과 동시에 큰 스캔들을 일으키며 출간금지, 벌금형까지 부과된 이 시집에는 도대체 어떤 사연이 있을까? 더스토리에서 시인 탄생 200주년을 기념해서 준비한 《악의 꽃》 초판본에 수록된 105편의 예술시를 통해 상징주의 시 세계로 들어가 보자.</p><p>&nbsp;</p>','<h2>목차</h2><p>독자에게<br><br>우울과 이상<br>축복 / 알바트로스 / 비상 / 등불들 / 돈에 팔리는 뮤즈 / 적 / 이전의 삶 / 여행 중인 보헤미안들 / 인간과 바다 / 지옥에 간 동 쥐앙 / 교만의 벌 / 아름다움 / 이상 / 장신구 / 춤추는 뱀 / 썩은 고기 / 심연 속에서 울다 / 뱀파이어 / 레테 강 / 사후의 회한 / 고양이 (사랑에 빠진 내 마음으로 오렴…) / 발코니 / 온통 다 / 너무 명랑한 여인에게 / 고백 / 향수병 / 독 / 고양이 (강하고 부드러우며…) / 아름다운 선박 / 돌이킬 수 없는 것 / 한담 / 에오통티모루메노스 / 크레올 부인에게 / 고양이들 / 금이 간 종 / 애수 / 안개와 비 / 고치지 못하는 것 / 어느 붉은 머리의 거지에게 / 도박 / 저녁의 땅거미 / 유령 / 언제나 한결같이 / 가을 노래 / 오후의 노래 / 시시나 / 가을 소네트 / 무에 대한 취향 / 괴로움의 연금술 / 시계 / 가면 / 미녀 예찬 / 머리타래 / 신들린 자 / 귀신 / 달의 슬픔 / 파이프담배 / 음악 / 즐거워하는 죽은 자 / 살아 있는 횃불 / 여행으로의 초대<br><br>파리 풍경<br>태양 / 백조 / 일곱 노인 / 작은 노파들 / 지나가는 여인에게 / 죽음의 춤 / 거짓에 대한 사랑<br><br>포도주<br>포도주의 영혼 / 넝마주이자들의 포도주 / 살인자의 포도주 / 고독한 자의 포도주 / 연인들의 포도주<br><br>악의 꽃<br>어느 순교자: 미지의 스승에 관한 소묘 / 레스보스 / 형벌을 받은 여인들. 델핀과 이폴리트 / 선량한 자매 / 알레고리 / 뱀파이어의 변신 / 키티라 섬으로의 여행<br><br>반항<br>아벨과 카인 / 사탄의 신도송<br><br>죽음<br>연인들의 죽음 / 가난한 자들의 죽음 / 어느 호기심장이의 꿈 / 여행<br><br>1866년 판본에 추가된 시들<br>낭만적인 석양 / 분수 / 찬가 / 목소리 / 예견치 못한 것 / 말라바르 여인에게<br><br>1868년 판본에 추가된 시들<br>깊은 구렁 / 뚜껑 / 자정의 점검 / 경고하는 자 / 반역자 / 어느 이카루스의 탄식 / 어느 이교도의 기도 / 슬픈 마드리갈 / 모욕당한 달 / 명상<br><br>기타<br>어느 저주받은 시인의 묘지 / 형벌을 받은 여인들 / 기도<br><br>작품 해설 | 《악의 꽃》에 관하여<br>작가 연보</p>','2022-07-15 15:59:47','2022-07-15 15:59:47',NULL),
(46,'오래 준비해온 대답',1,'2020-04-29','복복서가','102003',16500,300,0.10,'<p><strong>10년 만에 다시 돌아온 김영하의 본격 여행 산문</strong></p><p>&nbsp;</p><p>『오래 준비해온 대답』은 소설가 김영하가 10여년 전 시칠리아를 여행하며 보고 느낀 것을 생생히 담아낸 책이다. 2009년 첫 출간 당시 많은 사랑을 받았던 『네가 잃어버린 것을 기억하라』를 새로운 장정과 제목으로 복복서가에서 다시 선보인다. 이번 개정 작업을 통해 작가는 문장과 내용을 가다듬고 여행 당시 찍은 사진들을 풍성하게 수록하였다. 초판에는 실려 있지 않은 꼭지도 새로 추가하여 읽는 재미를 더했다.<br><br>2007년 가을, 지금은 장수 여행 프로그램으로 자리매김한 EBS 〈세계테마기행〉의 런칭을 준비하던 제작진이 작가 김영하를 찾아왔다. 그들이 작가에게 어떤 곳을 여행하고 싶냐고 물어보았을 때, 김영하는 ‘마치 오래 준비해온 대답’처럼 시칠리아라고 답한다. 당시 한국예술종합대학에서 학생들을 가르치고 있었던 작가는 그들과 함께 시칠리아를 다녀온 후, 교수직을 사직하고 서울의 모든 것을 정리한 뒤 다섯 달 만에 아내와 함께 다시 시칠리아로 떠난다. 그것은 밴쿠버와 뉴욕으로 이어지는 장장 2년 반의 방랑의 시작이었다. 우여곡절 끝에 어렵사리 도착한 시칠리아에서 그는 왜 그곳이 ‘오래 준비해온 대답’처럼 떠올랐는지 깨닫는다. 어려움을 겪고 있을 때 다정하게 다가와 도와주고는 사라지는 따뜻한 사람들, 누구도 허둥대지 않는 느긋하고 여유로운 삶, 장엄한 유적과 지중해. 그곳에서 작가는 자신을 작가로 만들었던 과거를 떠올리고(“어두운 병 속에 가라앉아 있는 과거의 빛나는 편린들과 마주하는 고고학적 탐사”), 오랫동안 잊고 있던 자기 안의 ‘어린 예술가’도 다시 만난다.</p><p>&nbsp;</p>','<h2>목차</h2><p>Prologue 언젠가 시칠리아에서 길을 잃을 당신에게<br>내 안의 어린 예술가는 어디로<br>첫 만남<br>소프레소, 에스프레소<br>리파리<br>지중해식 생존요리법<br>리파리 스쿠터 일주<br>리파리 떠나던 날<br>향수<br>메두사의 바다, 대부의 땅<br>아퀘돌치해변의 사자<br>천공의 성, 에리체<br>빛이 작살처럼 내리꽂힌다는 것은<br>메멘토 모리, 카르페 디엠<br>신전<br>죽은 신들의 사회<br>Epilogue 네가 잃어버린 것을 기억하라</p>','2022-07-15 16:02:48','2022-07-15 16:02:48',NULL),
(47,'다다다',1,'2021-02-06','복복서가','102003',33000,300,0.10,'<p><strong>틀을 깨는 활달한 사유, 심층을 들여다보는 예리한 시선</strong><br><strong>김영하 산문의 정수 『보다』『읽다』『말하다』를 한 권으로 만나다!</strong></p><p>&nbsp;</p><p>유머와 위트, 지적인 사유와 독창적인 감각이 어우러진 문체로 산문의 새로운 지평을 열었던 김영하 산문 삼부작 『보다』『말하다』『읽다』가 합본으로 출간된다. 총 56쇄를 중쇄하며 20만부가 팔린 이 삼부작은 김영하 산문의 정수로 꼽히며 독자들에게 많은 사랑을 받아왔다. 합본에는 기존판에서는 볼 수 없었던 꼭지도 추가했다. 특히 합본 앞머리에 실린 작가의 말은 독자에게 보내는 인사인 동시에 그 자체로 한 편의 흥미롭고 완결된 산문이다. 김영하가 탐구하는 주제는 경쾌한 듯 묵직하게 문학, 철학, 사회, 경제 등 다양한 영역을 넘나드는데, 그중에서도 합본의 첫 문을 여는 「보다」는 인간의 내면과 사회 구조 안팎을 파고드는 작가의 통찰이 돋보이는 스물일곱 편의 글로 구성되어 있다.</p><p>&nbsp;</p>','<h2>목차</h2><p>『보다』『읽다』『말하다』 합본을 내며<br><br>보다<br>1부 부와 가난<br>시간 도둑<br>진짜 부자는 소유하지 않는다<br>자유 아닌 자유<br>머리칸과 꼬리칸<br>숙련 노동자 미스 김<br>부자 아빠의 죽음<br>여행을 싫어한다고 말할 용기<br>2부 삶과 죽음<br>나쁜 부모 사랑하기<br>어차피 죽을 인생을 최선을 다해 살아가는 이유<br>부다페스트의 여인<br>카르페 디엠과 메멘토 모리<br>잘 모르겠지만 네가 필요해<br>3부 운명과 예술<br>앞에서 날아오는 돌<br>연기하기 가장 어려운 것<br>진심은 진심으로 전달되지 않는다<br>샤워부스에서 노래하기<br>2차원과 3차원<br>죄와 인간, 무엇을 미워할 것인가<br>죽은 자들의 몫 - 이한열2 0주기에 부쳐<br>4부 미래에서 본 과거<br>패스트패션 시대의 책<br>아버지의 미래<br>택시라는 연옥<br>예측 불가능한 인간이 된다는 것<br>홈쇼핑과 택배의 명절, 추석<br>탁심광장<br>나는 왜 부산에 사는 것일까?<br><br>읽다<br>1부 위험한 책 읽기<br>2부 우리를 미치게 하는 책들<br>3부 책 속에는 길이 없다<br>4부 ‘거기 소설이 있으니까’ 읽는다<br>5부 매력적인 괴물들의 세계<br>6부 독자, 책의 우주를 여행하는 히치하이커<br><br>말하다<br>1부 내면을 지켜라<br>탐침을 찔러넣다<br>| 강연 | 비관적 현실주의와 감성 근육<br>‘오늘’을 살아간다는 것<br>| 강연 | 자기해방의 글쓰기<br>2부 예술가로 살아라<br>마음속의 빨간 펜<br>| 강연 | 예술가가 되자, 지금 당장<br>작가의 권능<br>소설가로 살아가기<br>| 강연 | 할머니의 벌집<br>3부 엉뚱한 곳에 도착하라<br>글쓰기의 목적은 즐거움, 윤리는 새로움<br>| 강연 | 소설이라는 이상한 세계<br>소통은 없다<br>| 강연 | 첫사랑 같은 책<br>4부 기억 없이 기억하라<br>무엇을 왜 쓰는가<br>| 강연 | 나를 작가로 만든 것들<br>한국문학의 어떤 경향들<br>당신에게 국가란 무엇인가<br>| 강연 | 문화적 돌연변이<br><br>초판 작가의 말<br>주와 출처</p>','2022-07-15 16:04:36','2022-07-15 16:04:36',NULL),
(48,'피터 드러커 매니지먼트',46,'2007-08-30','청림출판','103002',18000,300,0.10,'<p><strong>30년 만에 국내 첫 출간되는 현대 경영학의 아버지 \'피터 드러커\' 경영학의 원전!</strong></p><p>&nbsp;</p><p>20세기를 살았으면서도 21세기를 지배한 경영학의 아버지 \'피터 드러커\'. 약 100년의 생애 동안 30여 권이 넘는 저서를 통해 값진 경영철학을 비즈니스맨들에게 선사한 그가 이번에는 경영에 대한 정의 그 자체를 제공한다. 피터 드러커의 3대 명저 가운데 하나로 손꼽힐 만큼 그의 저서 중 큰 위치를 차지하는 책이라는 점이 눈길을 끈다.<br><br>『피터 드러커·매니지먼트』는 지금으로부터 약 30여 년 전에 출간된 책으로 기업을 비롯한 모든 조직의 기본적인 경영원리와 훌륭한 매니지먼트를 수행하기 위한 리더의 자질이 담겨 있다. 또한 급변하는 사회 흐름을 미리 예측하고 성과를 높이기 위한 핵심 요소들이 다양한 기업들의 사례와 함께 구체적으로 소개된다.</p><p>&nbsp;</p>','<h2>목차</h2><p>들어가는 글<br>프롤로그<br><br><strong>1부 매니지먼트의 사명</strong><br>매니지먼트의 역할<br><br>1장 기업의 성과<br>1. 기업이란 무엇인가<br>2. 사업이란 무엇인가<br>3. 사업의 목표<br>4. 전략 계획<br><br>2장 공적 기관의 성과<br>5. 다원화 사회의 도래<br>6. 공적 기관 부진의 원인<br>7. 공적 기관 성공의 조건<br><br>3장 일과 인간<br>8. 새로운 현실<br>9. 일과 노동<br>10. 일의 생산성<br>11. 사람과 노동의 매니지먼트<br>12. 책임과 보장<br>13. 사람이 최대의 자산이다<br><br>4장 사회적 책임<br>14. 매니지먼트와 사회<br>15. 사회적 영향과 사회의 문제<br>16. 사회적 책임의 한계<br>17. 기업과 정부<br>18. 프로페셔널의 윤리<br><br><strong>2부 매니지먼트의 방법</strong><br>매니지먼트의 필요성<br><br>5장 매니저<br>19. 매니저란 무엇인가<br>20. 매니저의 일<br>21. 매니지먼트 개발<br>22. 자기관리와 목표에 의한 매니지먼트<br>23. 중간 관리<br>24. 성과 중심의 정신<br><br>6장 매니지먼트의 기능<br>25. 의사결정<br>26. 커뮤니케이션<br>27. 관리<br>28. 경영 과학<br><br>7장 매니지먼트의 조직<br>29. 새로운 니즈<br>30. 조직의 기본 단위<br>31. 조직의 조건<br>32. 다섯 가지 조직구조<br>33. 조직 구조에 관한 결론<br><br><strong>3부 매니지먼트의 전략</strong><br>독일 은행 이야기<br><br>8장 톱매니지먼트<br>34. 톱매니지먼트의 역할<br>35. 톱매니지먼트의 구조<br>36. 성과를 낳는 이사회<br><br>9장 매니지먼트의 기술<br>37. 규모의 매니지먼트<br>38. 다각화의 매니지먼트<br>39. 매니지먼트의 글로벌화<br>40. 성장의 매니지먼트<br>41. 이노베이션<br>42. 매니지먼트의 정통성<br><br>10장 매니지먼트의 패러다임이 바뀌었다.<br><br>에필로그<br>옮긴이의 글<br>드러커 저작 일람</p>','2022-07-15 16:11:59','2022-07-15 16:11:59',NULL),
(49,'피터 드러커 자기경영노트',46,'2019-09-05','한국경제신문','104001',16800,300,0.10,'<p><strong>지금 이 시대에도 통하는 경영학 대가의 놀라운 통찰력!</strong><br><strong>어떤 시대, 어떤 노동에도 흔들림 없는 원칙은 존재한다.</strong><br><strong>목표를 달성하며 일 잘하는 사람의 비밀은 꾸준한 자기관리다!</strong></p><p>&nbsp;</p><p>누구나 반드시 한 번은 읽어야 할 경제경영서라는 찬사를 받았던 《피터 드러커 자기경영노트》가 개정판으로 출간되었다. 《피터 드러커의 자기경영노트》는 전 세계 24개국 이상의 나라에 번역, 소개되었고 회사의 임원에서 신입사원에 이르기까지 모든 직장인의 필독서가 되었다. 경제학 석학 피터 드러커는 20년간에 걸친 다양한 컨설팅 경험과 조직, 일, 경영에 대한 합리적이고 예리한 통찰을 이 책에 담아냈다. 오늘날 인공지능이 대부분의 노동을 수행한다 해도 인간의 창의성과 정신노동을 완벽히 대체할 수 없으며, 관리 감독과 합리적인 조율이 더더욱 중요한 시대가 되었다. 일 잘하는 사람들, 즉 목표를 달성하는 지식근로자들은 그 능력을 타고나는 것이 아니다. 그렇다면 그들의 효율성과 성취감을 이끌어내는 비밀은 무엇일까? 경영과 조직, 자기관리에 대해 고민하는 모든 근로자를 위한 실무 지침서인 《피터 드러커의 자기경영노트》는 4차 산업혁명 시대에도 유효한, 목표 달성에 대한 간결한 청사진을 제시한다. 지식근로자는 지식과 기능을 충분히 갖추었다 해도 끊임없는 습관과 자기 개선을 통해 작업과 관리 능력을 습득해나가야 한다는 것이다. 실천, 습득, 성실은 어떤 시대, 어떤 노동에도 흔들림 없는 원칙이다. 시대를 초월하는 가치를 지닌 그 무엇에 우리는 고전이라는 이름을 붙인다. 경영학의 고전인 《피터 드러커 자기경영노트》는 일과 노동이 존재하는 한, 경영과 자기관리라는 과제에 앞서 가장 먼저 손에 들게 될 책이다. 이번 개정판은 기존 번역의 오류를 바로잡고 보다 읽기 쉬운 문장으로 다듬었으며, 소장 가치를 높이고자 특별히 양장판으로 제작되었다.</p><p>&nbsp;</p>','<h2>목차</h2><p>프롤로그_ 목표달성 능력을 향상시키는 자기관리 방법<br><br>1장 목표달성 능력은 배울 수 있다<br>목표를 달성하는 지식근로자가 필요한 이유<br>목표달성 능력을 배우고 익힐 수 있을까?<br><br>2장 시간을 관리하는 방법<br>시간을 낭비하게 만드는 수많은 요소들<br>실제 사용 시간을 정확히 진단하라<br>시간 낭비 요인을 확실히 제거하라<br>‘자유재량 시간’을 적절히 통합하라<br><br>3장 공헌할 목표에 어떻게 집중할 것인가?<br>지식근로자는 스스로 몰입한다<br>지식근로자들이 목표를 달성하도록 이끄는 방법<br>올바른 인간관계야말로 생산적이다<br>목표를 달성하는 진정한 회의를 위해<br><br>4장 강점을 생산적으로 활용하라<br>각자의 강점에 따라 인력을 배치하라<br>상사의 강점을 제대로 활용하라<br>스스로를 목표달성 능력자로 만들어라<br><br>5장 중요한 것부터 먼저 해결하라<br>지나간 것은 바로 잊어라<br>먼저 우선순위를 정하라<br><br>6장 의사결정 과정에 영향을 주는 다양한 요소들<br>의사결정에 대한 의미 있는 사례<br>의사결정 과정에서 고려해야 할 여러 요소들<br><br>7장 목표달성으로 이어지는 효과적인 의사결정<br>컴퓨터 시대에서 의사결정이란?<br><br>8장 지식근로자의 효용을 위해<br>누가 지식근로자인가?<br>지식근로자가 당면한 네 가지 현실<br>지식근로자의 목표달성 능력을 향상하려면?<br><br>에필로그_ 목표달성 능력은 배우고 익혀야 한다<br><br>옮긴이 후기</p>','2022-07-15 16:14:10','2022-07-15 16:14:10',NULL),
(50,'제3물결',7,'1989-11-01','한국경제신문사','103003',20000,300,0.10,'<p><strong>앨빈 토플러, 낡은 문명을 평가하고 새로운 문명을 그리다!</strong></p><p>&nbsp;</p><p>저명한 미래학자이며 저널리스트인 앨빈 토플러가 펼쳐 보이는 인류 문명의 어제와 오늘, 그리고 내일의 『제3물결』. 급변하는 현대사회를 진단, 향후 진로를 모색한 책이다. 인류문명의 발달사를 제1물결인 농업단계, 제2물결의 산업화단계 그리고 제3물결의 정보화단계로 규정, 각각의 모습을 그려 보이고 있다.<br><br>책은 우리들이 성장해 온 낡은 문명을 평가하고 나아가 지금 우리 사회에서 싹트고 있는 새로운 문명의 모습을 조심스럽고도 포괄적으로 살핀다. 이 새로운 문명은 극히 혁명적인 것이어서 우리의 낡은 가정들에 도전하고 있다. 낡은 사고방식이나 낡은 공식, 도그마, 이데올로기 같은 것들은 그것이 과거에 아무리 소중하고 유용한 것이라 할지라도 지금은 현실과 맞지 않게 되어 있다.<br><br>새로운 가치관과 기술, 새로운 지정학적 관계, 새로운 생활양식과 커뮤니케이션 방식 등의 충돌 속에서 급속히 모습을 드러내고 있는 이 세계는 전혀 새로운 아이디어와 유추, 새로운 분류와 개념을 요구하고 있다.</p><p>&nbsp;</p>','<h2>목차</h2><p>001. 물결의 충동/<br>002. 초투쟁<br>003. 제2물결/<br>004. 문명의 구조<br>005. 보이지 않는 쐐기<br>006. 규범의 내용<br>007. 권력의 전문가<br>008. 숨겨진 청사진<br>009. 광란하는 국가<br>010. 제국주의적 충동<br>011. 산업현실상<br>012. 종결부:홍수<br>013. 제3물결/<br>014. 새로운 종합<br>015. 사령탑<br>016. 매체의 탈대중화<br>017. 지적 환경<br>018. 대량생산의 저편<br>019. 가내전자근무체제<br>020. 미래의 가족<br>021. 기업의 자기동일성 위기<br>022. 새로운 규칙의 해석<br>023. 생산소비자의 출현<br>024. 정신적 대혼란<br>025. 국가의 붕괴<br>026. 인공위성을 가진 간디<br>027. 종결부:대합류<br>028. 결론/새로운 정신영역<br>029. 미래의 퍼스낼리티<br>030. 정치의 무덤<br>031. 21세기의 민주주의</p>','2022-07-15 16:17:16','2022-07-15 16:17:16',NULL),
(51,'나는 4시간만 일한다',47,'2017-10-20','다른상상','104002',14800,300,0.10,'<p><strong>당신의 삶은 꿈꾸는 대로 바뀔 수 있다!</strong></p><p>&nbsp;</p><p>주 4시간만 일하며 새로운 일과 삶의 방식을 개척한 《타이탄의 도구들》의 저자 팀 페리스. 그가 전하는 최소한만 일하고 원하는 대로 사는 법 『나는 4시간만 일한다』. 디지털 노마드, 즉 인터넷의 보급과 기술의 발전으로 원격 근무를 하면서 시간과 공간을 자유롭게 선택하며 일하는 방식의 선구자이자 지금도 선도자로서 성공적인 인터넷 기업가로 활동하는 저자는 이 책에서 가장 적은 노력과 비용으로 선택의 권리를 찾고 만들어 내는 모든 방법에 대해 이야기한다.<br><br>삶은 원래 가혹한 것이고, 느긋한 주말과 짧은 휴가를 보내는 대가로 회사에 하루 종일 붙박여 고된 일을 감수해야 하는 것일까? 저자는 자신의 삶을 통해 그럴 필요가 없다고 증명해 보인다. 저자가 강조하는 방식은 기존의 규칙을 벗어나라는 것, 남들보다 효과적으로 일하라는 것과 사무실을 벗어나라는 것 등이다. 저자의 방식에는 수입 자동화, 정보 다이어트, 원격 비서, 원격 근무, 경영 부재, 삶의 중간 중간 떠나는 미니 은퇴와 자기 삶 자체의 아웃소싱까지 첨단 기술을 활용한 역발상 관리 기법이 총동원된다.<br><br>이처럼 최소한만 일하며 원하는 대로 사는 방법을 알려주기 위해 협상(DEAL)의 앞 글자를 딴 ‘정의(Definition)’, ‘제거(Elimination)’, ‘자동화(Automation)’, ‘해방(Liberation)’의 4단계 전략을 구체적으로 제시한다. ‘정의’의 과정에서는 기존의 잘못된 상식들을 완전히 뒤집어엎는 새로운 게임의 법칙과 목표를 알려주고, ‘제거’의 과정에서는 시간 관리에 관한 케케묵은 기존 관념들을 완전히 뿌리 뽑아 하루 12시간 근무하던 일을 2시간으로 줄일 수 있는 비밀을 알려준다.</p><p>&nbsp;</p>','<h2>목차</h2><p>서문<br>이 책이 필요한 이유<br><br>| Step1 | 적게 일하고도 많이 벌 수 있다<br>-정의Definition를 위한 D<br><br>성공의 정의를 바꿔라 2<br>-당신은 뉴리치인가, 일의 노예인가<br>규칙을 바꾸는 규칙<br>-기존 개념은 모두 틀렸다<br>행동 없이는 행복도 없다<br>-두려움과 무기력을 피하는 법<br>구체적으로 질문하라<br>-모호한 일에 분명한 태도 취하기<br><br>| Step2 | 단순함이 답이다<br>-제거Elimination를 위한 E<br><br>시간 관리는 이제 그만!<br>-효과적으로 일하기<br>과도한 정보를 끊는 법<br>-현명할수록 무시하고 넘어간다<br>거절하는 기술<br>-나를 방해하지 못하게 하는 법<br><br>| Step3 | 자동화된 돈벌이 수단, 뮤즈 만들기<br>-자동화Automation를 위한 A<br><br>인생을 아웃소싱하라<br>-지겨운 일은 맡기고 행복해지기<br>수입 자동화 과정 1<br>-뮤즈를 찾아서<br>수입 자동화 과정 2<br>-뮤즈 테스트하기<br>수입 자동화 과정 3<br>-경영은 필요 없다<br>| Step4 | 원할 때 일하고, 살고 싶은 곳에서 산다<br>-해방Liberation을 위한 L<br><br>사무실에서 탈출하는 법<br>-원하는 곳에서 일한다<br>개선의 여지가 없다면 직장을 버려라<br>-퇴사는 승자가 되는 길<br>삶의 중간에 떠나는 미니 은퇴<br>-여행하는 라이프스타일 터득하기<br>일을 없앤 후 공허함 채우기<br>-인생에 생기 불어넣기<br>뉴리치가 많이 하는 실수 13가지<br><br>마지막으로 중요한 이야기들<br>주 4시간 일하며 살기<br>꼭 읽어야 하는 이메일<br>몇 가지 중요한 읽을거리<br>감사의 말<br>옮긴이의 말</p>','2022-07-15 16:24:16','2022-07-15 16:24:16',NULL),
(52,'타이탄의 도구들',47,'2022-06-20','토네이도','104002',18000,300,0.10,'<p><strong>세계 최정상에 오른 ‘타이탄’이 밝힌 놀라운 생각, 기적의 습관, 압도적인 성공의 비밀!</strong></p><p>&nbsp;</p><p>프린스턴 대학교에서 ‘기업가정신’을 강의하는 팀 페리스는 글로벌 CEO, 석학, 언론들에게서 ‘이 시대 가장 혁신적인 아이콘’으로 평가받고 있다. 그는 18세 이후 자신의 모든 것을 기록으로 남겨왔을 정도로 강박적인 노트 수집가다. 이 책 『타이탄의 도구들』은 그런 그가 모은 노트들 가운데 가장 빛나는 보물이라고 자신하는 책이다.<br><br>이 노트를 남기기 위해 저자는 지난 몇 년간 ‘세상에서 가장 지혜롭고, 가장 부유하고, 가장 건강한 사람’이라고 평가받는 인물들을 만났다. 그리고 이 책에 그들과 벌였던 열띤 토론, 그들이 더 큰 결과를 얻기 위해 매일 실천하고 있는 것들에 대한 저자의 성공적인 벤치마킹 경험, 그들의 놀라운 아이디어와 전략, 창의적인 습관, 세계 최고 수준의 성과 창출법 등을 두루 담아낼 수 있었다. 저자는 자신의 분야에서 최정상에 오른 그들을 거인이라는 뜻의 ‘타이탄’이라 부르기로 했다.<br><br>책에는 알랭 드 보통, 세스 고딘, 말콤 글래드웰, 파울로 코엘료, 피터 틸, 에드 캣멀 등 세계적인 석학과 작가부터 최고의 혁신기업을 세운 창업가와 CEO, 크리에이티브 디렉터, 협상가, 슈퍼리치, 아티스트, 전문직 종사자까지 자기 분야에서 정상에 오른 사람들의 독창적인 성공 노하우가 낱낱이 담겨 있다. 이 책에 담긴 그들의 압도적인 성공은 우리가 어떤 목표에 어떤 방법으로 접근해야 할지에 대한 가장 지혜로운 길라잡이가 되어줄 것이다.</p><p>&nbsp;</p>','<h2>목차</h2><p>서문 | 세계 최고들이 매일 실천하는 것들<br><br>1장 세상에서 가장 성공한 사람들의 비밀<br>1 승리하는 아침을 만드는 5가지 습관<br>2 보는 법을 연습하라<br>3 인생을 걸어볼 목표를 찾아라<br>4 폭발적인 아이디어는 어떻게 탄생하는가<br>5 원하는 곳에서 원하는 방식으로 하라<br>6 레드 팀을 이끌어라<br>7 영웅적인 날들로 복귀하라<br>8 눈에 잘 띄는 곳에 존재하라<br>9 답은 2분 뒤에 찾아온다<br>10 매일 손님을 맞이하라, 환대하라<br>11 가장 현명한 교사를 직접 찾아가라<br>12 언제나 가능한 것을 시작하라<br>13 타이탄들은 왜 아침 일기를 쓰는가<br>14 탁월한 문제 해결가들의 습관<br>15 천재와 싸워 이기는 법<br>16 성공했던 방식을 두 번 쓰지 마라<br>17 1,000명의 팬을 확보하라<br>18 열 번 실패하라<br>19 3과 10의 규칙<br>20 바깥으로 나가라<br>21 안테암불로가 되어라<br>22 쓰고, 쓰고, 쓰고, 또 써라<br>23 10배 크게 생각하라<br>24 배거본더가 되어라<br><br>2장 세상에서 가장 지혜로운 사람들의 비밀<br>1 타이탄들은 어떻게 두려움을 극복하는가<br>2 오늘도 대담하게 뛰어들었는가<br>3 강력한 행동을 끌어내는 7가지 질문<br>4 답은 하나가 아니다<br>5 세상에는 오직 4가지 이야기만 존재한다<br>6 모두가 빈 페이지에서 출발한다<br>7 텅 빈 공간에 홀로 서라<br>8 모든 길은 스스로 열린다<br>9 인생을 바꾸는 클리셰를 찾아라<br>10 아름다운 것은 빠르게 사라진다<br>11 좋은 것은 영원히 남는다<br>12 4,000시간을 생각에 써라<br>13 가장 중요한 문제에 집중하라<br>14 내 자리를 만들어라<br>15 먼저 좋은 피드백을 주어라<br>16 강해지고 싶다면 강해져라<br>17 새로운 미래를 여는 디킨스 프로세스<br>18 모든 것을 기록으로 남겨라<br>19 절대 자신을 죽이지 마라<br>20 나에게 일어난 멋진 일들을 저장하라<br>21 다수를 경계하라<br>22 최고의 성과를 창출하는 사운드트랙<br>23 스스로를 향해 걸어라<br>24 무엇을 하든, 진짜 모습으로 하라<br>25 마라에게 차를 대접하라<br>26 디로딩 타임을 가져라<br>27 ‘좋다!’의 힘<br><br>3장 세상에서 가장 건강한 사람들의 비밀<br>1 건강한 삶을 위한 구글 개척자의 3가지 습관<br>2 최고의 지구력을 키우는 6가지 비결<br>3 기록을 깨려면 온열 요법을 실시하라<br>4 미친 듯이 땀을 흘리면 알게 되는 것들<br>5 추위는 엄청난 힘을 발휘한다<br>6 매일 자신감을 쌓는 가장 좋은 연습<br>7 실력을 키울 생각이 없으면 포기하라<br>8 생각을 쉬게 하라<br>9 아무것도 하지 않는 즐거움을 찾아라<br>10 단 하나의 결단<br><br>책을 마무리하며<br><br>부록1 타이탄들의 케톤 식이요법<br>부록2 타이탄들의 운동 계획, 짐내스트 스트롱</p>','2022-07-15 16:41:19','2022-07-15 16:41:19',NULL),
(53,'지금 하지 않으면 언제 하겠는가',47,'2018-04-23','토네이도','104002',15000,300,0.10,'<p><strong>원하는 목표가 있다면 지금 그것을 이루어야 한다!</strong></p><p>&nbsp;</p><p>《타이탄의 도구들》의 저자 팀 페리스가 전하는 삶의 가장 소중한 가치와 꿈, 목표를 이루는 방법에 대한 모든 지혜 『지금 하지 않으면 언제 하겠는가』. 인생에서 가장 중요한 것들에 집중하는 법에 대한 위대한 인물들의 놀라운 통찰을 담은 책이다. 마흔이 된 저자는 문득 이렇게 계속 살아도 되는지 의문이 들었고, 남은 삶을 위해 지금까지와는 전혀 다른, 새로운, 충격적인 깨달음을 구하고 싶었다.<br><br>저자는 자신이 진행하는 팟캐스트 ‘팀 페리스 쇼’, 그리고 다양한 인맥과 네트워크를 통해 세상에서 가장 지혜로운 현자들을 찾아 나섰고 유발 하라리, 스티븐 핑커, 톰 피터스, 수전 케인, 래리 킹, 크리스 앤더슨 등 하버드대 석학부터 경영구루, 억만장자와 글로벌 CEO에 이르기까지 일과 삶에서 가장 독창적인 성공을 거둔 133명과의 깊은 대화와 토론, 인터뷰를 통해 지금 이 순간을 사는 법에 대한 깨달음을 얻게 되었다.<br><br>저자가 만난 인생 현자들은 성공하려면 지금 성공해야 하고, 행복하려면 지금 행복해야 한다고 이야기한다. 그들의 지혜와 통찰을 한 마디로 정리하자면 원하는 삶을 얻기까지 너무 시간이 오래 걸려서는 안 된다는 것인데, 그렇다면 원하는 삶을 가장 빠르고 쉽게 얻을 수 있는 방법은 무엇일까? 이 책에서 원하는 삶을 얻는 가장 빠르고 쉬운 52가지 방법을 만나볼 수 있다. 이를 통해 오랫동안 붙들려 있던 낡은 삶에서 벗어나 인생 현자들의 도움 없이도 자신의 삶을 만들어갈 수 있는 지혜를 얻게 될 것이다.</p><p>&nbsp;</p>','<h2>목차</h2><p>들어가며 : 마흔 번째 생일에 깨달은 것들<br><br>01 충격점에 집중하라<br>02 시간을 고용하라<br>03 테니스 공, 동그라미 그리고 30,000<br>04 5분 안에 증명하라<br>05 인생은 둘 중 하나다<br>06 마스터에게 플러스알파를 주어라<br>07 녹화 버튼을 눌러라<br>08 17퍼센트 이상은 신의 영역이다<br>09 속도를 올려야 할 때는 언제인가<br>10 지금 여기에 살아 있어라<br>11 성공 스타일을 찾아라<br>12 그냥, 앉아 있으라!<br>13 영원히 추구하라<br>14 래리는 어떻게 킹이 되었을까<br>15 나보다 더 큰 것을 위해 살라<br>16 미쳤다는 소리를 듣고 있는가<br>17 피드백은 독이 든 성배다<br>18 모든 방법이 효과가 없는가?<br>19 점을 찍어야 선이 생겨나고 면이 완성된다<br>20 할 일을 하라<br>21 지금 하지 않으면 언제 하겠는가<br>22 인생을 눈에 보이는 곳에 두어라<br>23 쉽게 만들어라<br>24 사랑이 최고의 몰입을 만든다<br>25 시수sisu를 잃지 마라<br>26 신은 겁쟁이를 통해 자신의 뜻을 전달하지 않는다<br>27 메멘토 모리를 기억하라<br>28 함께 읽고 쓰고 산책하라<br>29 내 영혼에 말을 걸어라<br>30 인생은 늘 사라질 준비를 한다<br>31 최고의 인재는 누구인가<br>32 유능해질 시간을 확보하라<br>33 스무 살에 알았더라면 좋았을 것들<br>34 우아한 거절의 기술<br>35 마지막 사람이 함정이다<br>36 깨달은 자가 되어라<br>37 삶은 매 순간 최선을 다해 흘러간다<br>38 관계는 기회로 들어가는 입구다<br>39 빼앗긴 마음을 회복하라<br>40 가장 지혜로운 채찍은 휴식이다<br>41 사람은 뼈아픈 실패를 통해 성장한다<br>42 트라우마를 찾아내라<br>43 서른 살에 은퇴하기<br>44 세계 최고 퍼포머들의 5가지 특징<br>45 강을 건너야 원하는 것을 얻는다<br>46 어떤 사람이 경지에 오르는가<br>47 초점이 모든 것의 열쇠다<br>48 ‘제거하기’와 ‘하기’로 나눠라<br>49 모든 방법을 총동원하라<br>50 행동을 데이터로 만들어라<br>51 두려움이 인생의 현자다<br>52 너 자신을 알라</p>','2022-07-15 16:43:07','2022-07-15 16:43:07',NULL),
(54,'화성에서 온 남자 금성에서 온 여자',48,'2021-03-25','동녘라이프','104003',16800,300,0.10,'<p>40년간 관계 상담 전문가로 활동하고 있는 존 그레이 박사는 2만 5000여 명의 커플과의 상담을 통해 남녀 사이에 일어나는 갈등의 원인을 규명했다. 바로 남자와 여자가 서로의 본질적인 차이점을 인지하지 못하고 있기 때문이라는 것이다. 존 그레이는 남자는 화성에서, 여자는 금성에서 왔다는 한 편의 동화 같은 이야기로 이성 간 오래된 논쟁을 풀어나간다. 각기 전혀 다른 언어와 사고방식을 가진 행성에서 왔지만, 지구에서 오랫동안 살고 적응하면서 우리는 서로가 다른 존재라는 것을 잊어버렸다. 그러고는 상대가 자기가 생각하는 것처럼 생각하고, 자기가 원하는 것을 원할 거라고 믿는다. 바로 여기에서 갈등이 시작된다. 남녀가 근본적으로 다르다는 사실을 인식하지 못하기 때문이다. 이 책은 남녀가 서로 다르다는 것을 제대로 인식한다면 상대를 이해할 수 있게 되고, 상대방을 자신의 사고나 행동의 틀에 맞추지 않고 받아들일 수 있다는 것을 잘 보여준다.<br><br>이 책은 남자와 여자가 서로를 바라보는 시각을 완전히 바꿔놓았으며, 독자들에게 새로운 사랑의 가치관을 제시했다. 미국의 주요 일간지 《USA 투데이》에서 지난 25년간 가장 영향력 있는 책 10권 중 하나로 선정된 이 책은 전 세계 150개국에서 5000만 부 이상 판매되었으며, 수많은 연인과 부부에게 사랑을 받으며 이 분야의 최고 베스트셀러 자리를 지키고 있다.</p>','<h2>목차</h2><p>ㆍ책을 여는 글<br><br>1. 화성에서 온 남자와 금성에서 온 여자<br>2. 미스터 수리공, 그리고 가정진보위원회<br>3. 남자는 자기 동굴로 들어가고 여자는 이야기를 한다<br>4. 이성 자극하기<br>5. 서로 다른 언어<br>6. 남자란 고무줄과 같은 것<br>7. 여자는 파도와 같다<br>8. 서로 다른 정서적 욕구 발견하기<br>9. 어떻게 논쟁을 피할 것인가<br>10. 이성으로부터 점수 따기<br>11. 복잡한 감정을 어떻게 전할 것인가<br>12. 어떻게 도움을 청하고 받아들일 것인가<br>13. 사랑의 마법 지키기<br><br>ㆍ감사의 말</p>','2022-07-15 16:46:47','2022-07-15 16:46:47',NULL),
(55,'화성 남자와 금성 여자를 넘어서',48,'2018-09-14','김영사','104003',16800,300,0.10,'<p><strong>글로벌 베스트셀러 《화성에서 온 남자, 금성에서 온 여자》 존 그레이의 최신작!</strong><br><strong>21세기 화성남자와 금성여자를 위한 새로운 관계의 기술</strong></p><p>&nbsp;</p><p>화성남자와 금성여자가 변화하는 세상에서 스트레스 받지 않고 행복한 관계를 유지하는 방법은 무엇일까? 어떻게 해야 일과 삶 모든 영역에서 남성성과 여성성의 균형을 찾을 수 있을까? 성 역할에 따른 대립과 갈등으로 어려움에 처한 화성남자와 금성여자를 위한 명쾌한 해법! 변화하는 역할 속에서 남녀가 균형을 찾아 함께 성장하는 방법부터 정서적으로 충만한 관계를 만드는 공감의 기술까지. 일과 사랑, 부부생활 모두에서 복잡하게 얽힌 감정 문제를 해결하고 관계를 개선하는 다양한 방안을 흥미진진하게 풀어냈다. 더 깊어진 통찰, 더 실용적인 해법으로 관계에 지친 현대인에게 올바른 방향을 제시할 필독서.</p><p>&nbsp;</p>','<h2>목차</h2><p>프롤로그<br><br>CHAPTER 1 화성과 금성을 넘어서<br>역할의 변화<br>균형을 찾아 열정 유지하기<br>변화하는 역할의 문제<br>새로운 가능성<br><br>CHAPTER 2 역할을 나누는 관계에서 마음을 나누는 관계로<br>역할을 나누는 관계<br>마음을 나누는 관계<br>현대의 문제들<br>바쁘고 지친 세상<br>사랑 안에서 함께 성장하기<br><br>CHAPTER 3 고유한 자기<br>고유한 자기 자유롭게 표현하기<br>새로운 난관<br>남성성과 여성성<br>남성성과 여성성은 사회적 개념만은 아니다<br>길러진 것인가, 타고난 것인가<br>호르몬의 힘<br>진정한 자기 개발하기<br>문화적 규범과 자기표현<br><br>CHAPTER 4 차이가 끌어당기고 열정을 지켜준다<br>차이에 대한 새로운 이해<br>남자와 여자의 정반대 성향 이해하기<br>친밀한 관계에서 양극성 유지하기<br>결혼생활에서 역할의 역전<br>왜 사랑에 빠지지 못할까<br>쉽지 않은 균형 찾기<br>여전히 남자는 화성에서, 여자는 금성에서 왔다<br>노르웨이의 역설<br>성 평등은 성 맹목이 아니다<br><br>CHAPTER 5 화성에서 온 테스토스테론<br>스트레스를 줄여주는 호르몬의 차이<br>스트레스가 뇌에 미치는 영향<br>테스토스테론과 공격성<br>분노와 방어적인 태도<br>분노는 남자다운 것이 아니다<br>남자의 스트레스 증상<br>남자가 여성성을 억누를 때<br>테스토스테론을 회복해서 스트레스 줄이기<br>남자들은 동굴로 들어간다<br>쓰지 않으면 퇴화한다<br>여자가 남자를 지지해줄 수 있는 방법<br><br>CHAPTER 6 금성에서 온 에스트로겐<br>갱년기의 호르몬<br>사랑의 호르몬 옥시토신<br>여자와 신체 접촉<br>남자들이 여자가 더 감정적이라고 생각하는 이유<br>남자가 여자보다 강렬한 감정을 느낄 때<br>배려와 친교 반응<br>여성의 스트레스 증상<br>에스트로겐이 지나치게 상승할 때<br>여성의 스트레스를 줄여주는 옥시토신<br>남자가 여자를 지지할 수 있는 방식<br>대화 치료가 효과적인 이유<br>금성인 대화 연습<br>감정을 나누는 것과 불평은 다르다<br>남자는 도와줄 수 있을 뿐이다<br><br>CHAPTER 7 호르몬 요법의 위험성<br>호르몬 복용의 문제<br>프로게스테론과 에스트로겐의 균형 잡기<br>욕구를 느끼는 것의 중요성<br>호르몬 교란 물질 피하기<br>PMS 증상<br><br>CHAPTER 8 여자, 호르몬, 행복<br>옥시토신과 에스트로겐<br>짝 유대, 옥시토신, 에스트로겐<br>옥시토신과 에스트로겐을 늘리는 40가지 방법<br>에스트로겐, 옥시토신, 직장 스트레스<br>프로게스테론<br>테스토스테론<br>여자의 한 달 주기<br><br>CHAPTER 9 당신 시간, 우리 시간, 내 시간<br>여자의 호르몬 변화에 대한 새로운 이해<br>‘우리 시간’의 중요성<br>‘당신 시간’에서 ‘내 시간’으로<br>여자에게는 ‘우리 시간’이 필요하다<br>옥시토신의 힘<br>옥시토신으로 정신을 다스리고 마음 열기<br>옥시토신이 끌어내는 부정적인 감정 발산하기<br>하루 일을 마치고 느긋하게 쉬기<br>남자에게 동기 부여하기<br>남자와 내 시간<br>남자가 여자에게 더 매력을 느끼게 만드는 요소<br>여자의 ‘내 시간’을 지지해주는 방법<br>여자가 중압감에 시달리는 또 하나의 이유<br>긴급요원인 남자<br>여자의 다양한 욕구 균형 잡기<br>마음을 나누는 관계의 황금률<br><br>CHAPTER 10 경청을 원하는 여자, 인정을 바라는 남자<br>감정 말하기<br>감정을 나누면 스트레스가 더 심해진다<br>첫째: 의존성<br>둘째: 공감<br>불평할 것인가, 요청할 것인가<br>원하는 것 공유하기<br>배우자 인정해주기<br>여자가 인정받는 느낌을 받지 못하는 이유<br>서로 다른 욕구<br><br>CHAPTER 11 남자와 여자의 사랑에 필요한 것<br>개인적인 사랑이 여자의 스트레스를 낮춘다<br>개인적인 성공이 남자의 스트레스를 낮춘다<br>사랑은 남자의 삶에 새로운 의미를 부여한다<br>화성인과 금성인의 삶의 목적<br>존중이냐, 인정이냐<br>사랑 주고받기<br><br>CHAPTER 12 화성인과 금성인 함께 살기<br>여자의 감정을 존중하고 남자를 인정해주는 방법<br>정당한 것으로 인정해주는 힘<br>인정의 힘<br>우두머리 수컷 일깨우기<br>화성인과 금성인의 사랑 언어<br>남녀가 헤어지는 이유<br><br>CHAPTER 13 불평 없는 관계<br>불평해도 효과가 없는 이유<br>남자의 가장 취약한 부분<br>방어적인 태도 막기<br>불평의 가치<br>관계의 네 단계<br>인생의 새로운 장<br><br>에필로그<br>감사의 말</p>','2022-07-15 16:48:54','2022-07-15 16:48:54',NULL),
(56,'불안의 철학',49,'2022-06-24','타인의사유','105001',16800,300,0.10,'<p><strong>“불안은 회피하고 싶은 마음이 만들어 낸 거짓 감정이다!”</strong><br><strong>≪미움 받을 용기≫의 저자 기시미 이치로가</strong><br><strong>혼란의 시기에 주목한 ‘불안’</strong><br><strong>당신이 지금 느끼는 불안은 당연한가?</strong><br><br><strong>경제 위기, 기후 변화 등으로 혼란스러운 지금이 불안을 깨뜨릴 적기</strong><br><strong>불안은 하지 못하는 원인이 아닌, 하지 않기 위한 핑계</strong></p><p>&nbsp;</p><p>경제 위기, 기후 변화 등 시시각각 급변하는 불확실성의 시대에 살고 있는 우리는 누구나 불안을 느낀다. 특히 팬데믹 이후 최근에는 전 세계에 덮친 경제 위기로 지금까지 쌓아 왔던 것들이 한순간에 무너질 수 있다는 생각에 불안이 한층 심화하고 있다. 하지만 기시미 이치로는 지금이야말로 오히려 우리 안에 내재된 불안을 깨뜨릴 수 있는 기회라고 말한다.<br>아들러 심리학의 일인자이자, ≪미움 받을 용기≫의 저자 기시미 이치로는 이 책을 통해 혼란의 시기에 더욱 여실히 드러나는 불안의 실체를 파헤치고, 대인관계부터 일, 건강, 노화, 죽음에 이르기까지 다양한 종류의 불안에 대해 이야기하며 어떻게 불안을 극복하고 그 상황에서 벗어날 수 있을지에 대해 논한다.<br>이 책은 그동안 불안을 ‘어떤 행동을 하지 못하는 데 대한 원인’으로 접근했던 데서 벗어나 ‘어떤 행동, 특히 인생의 과제를 회피하기 위해 만들어진 감정’이라는 아들러의 관점에서 조명하고 있다. 그러면서도 저자는 아들러뿐 아니라 플라톤, 키르케고르, 미키 기요시 등 동서양 철학자들의 사상을 관통하고, 자신의 경험과 철학을 녹여 냄으로써 오늘날과 같은 불확실성의 시대를 어떻게 살아가야 할지에 대해 냉철하면서도 확실한 조언을 아끼지 않는다.<br>현상이나 상황에 대한 반응인 공포와 달리, 아직 일어나지 않은 일에 대해 느끼는 감정인 불안은 실체가 없다. 실체 없는 불안 때문에 고민하기보다 오늘, 지금, 이 순간을 온전한 나로 살아가는 삶의 지혜를 이 책에서 만나 보자.</p><p>&nbsp;</p>','<h2>목차</h2><p>서문<br><br>1. 불안의 실체<br>불안은 대상이 없다<br>불안은 목적이 있다<br>인생의 과제를 회피하고 싶은 마음<br>결정을 미루기 위해 만들어 낸 감정<br>경험에 기대 내세울 핑계<br>타인을 지배하기 위한 도구<br>삶의 유한성에 대한 직시<br>불안을 가리는 위락<br><br>2. 팬데믹과 불안<br>팬데믹, 무엇이 문제인가?<br>무엇을 할 수 있을까?<br>코로나19 이후의 일<br><br>3. 대인관계와 불안<br>모든 고민은 대인관계에서 시작된다<br>타자가 적이 되는 순간<br>질투의 속성<br>사랑과 질투의 차이<br>질투하지 않으려면<br>얼굴 없는 불안<br>익명의 타인을 향한 증오<br>소문과 불안<br>의심이 의심을 낳는다<br><br>4. 일과 불안<br>성과를 내지 못한다는 불안<br>심정 윤리와 책임 윤리<br>실패는 잘못이 아니다<br>경쟁의 무용<br><br>5. 질병과 불안<br>신체가 타자가 될 때<br>질병의 수용<br>질병의 회복<br>신체가 보내는 신호<br>무시간의 물가로 내몰릴 때<br>인생은 직선이 아니다<br>오늘이 만족스럽도록<br>무언가 이루지 않아도<br>삶은 진화가 아닌 변화<br>환자만 할 수 있는 일<br>회복이 전하는 희망의 메시지<br><br>6. 나이 듦과 불안<br>우리는 모두 늙는다<br>할 수 있는 일이 줄어든다 해도<br>노화는 불행이 아니다<br>지금 내게 주어진 것들<br>축적된 기쁨<br><br>7. 죽음과 불안<br>누구도 알 수 없는 죽음<br>불안하다는 거짓말<br>죽음의 불안과 마주하다<br>죽음의 희망<br>자연스러움<br>죽음의 불안을 극복하는 세 가지 방법<br>잘 살아간다는 것<br>죽음의 정의<br><br>8. 불안의 해법<br>남과 다른 인생을 살아라<br>기대를 거스를 용기를 가져라<br>자신의 인생을 살아라<br>진심으로 화를 내라<br>인생을 여행으로 보라<br>불안을 직시하라<br>심연을 향해 뛰어들어라<br>아무것도 소유하지 마라<br>진정한 친구를 사귀어라<br>타인과 연대하라<br>희망을 찾아라<br>지금을 살아라</p>','2022-07-15 16:53:13','2022-07-15 16:53:13',NULL),
(57,'기시미 이치로의 삶과 죽음',49,'2021-06-15','에쎄이','105003',15000,300,0.10,'<p><strong>인생은 진화가 아니라 변화다! 젊음과 늙음, 건강과 질병에 우열은 없다!</strong><br><strong>기시미 이치로의 일본 NHK 최신 강의 〈잘 살아가기 위한 철학〉의 현장을 그대로!</strong></p><p>&nbsp;</p><p>삶은 고통이다? 나이 듦, 질병, 죽음. 우리에게 예고 없이 혹은 자연스럽게 찾아오는 달갑지 않은 손님 같다. 하지만 기시미 이치로는 이에 반문한다. 그는 이 모든 것들을 어떻게 생각하고 어떻게 받아들일지는 우리의 선택이며, 어떤 어려운 상황에 놓여 있든 그 속에서 의미와 가치를 찾을 수 있다고 말한다. ‘철학적 사고’를 통해 그것이 가능하다.<br><br>자신의 경험을 토대로 밀리언셀러 『미움받을 용기』의 저자 기시미 이치로가 전하는 ‘나이 듦, 질병, 죽음’에 관한 진솔한 이야기. ‘지금 여기’에 초점을 맞춰 매 순간을 진지하게 살아내는 삶의 중요성을 배우고 우리 삶에서 풀리지 않았던 여러 가지 물음에 대한 답을 찾는다. 불확실성의 시대, 내일의 자명성이 무너진 일상을 ‘잘 살아내고자’ 하는 이들에게 전하는 기시미 이치로의 명쾌한 해답. 그리스 철학, 아들러 심리학에서 가족론, 교육론에 이르는 철학 이론부터 실전적 삶의 지침까지 총망라한 이 책을 통해 ‘철학적 사고’의 토대를 다지고 ‘인생의 진정한 의미’를 찾아본다.</p><p>&nbsp;</p>','<h2>목차</h2><p>시작하며<br><br>첫 번째 수업. 철학이란 무엇인가?<br>철학은 어려운가?<br>누구나 철학을 배울 수 있다<br>철학이 도움이 될까?<br>철학의 정의<br>철학은 돈 안 되는 학문이라는 생각<br>철학은 구체적으로 생각하는 것<br>배제되는 가치<br>인간의 행위는 가치판단을 통해 이루어진다<br>가치 상대주의와 니힐리즘의 문제<br>이치로와의 대화<br><br>두 번째 수업. 행복해지는 법<br>원인론에서 목적론으로<br>누구나 행복해지기를 바란다<br>행복과 행복감은 다르다<br>플라톤만으로는 알 수 없었던 행복<br>행복은 존재 그 자체<br>행복은 독자적인 것<br>성공은 양적, 행복은 질적<br>개성과 질서의 문제<br>행복은 인격적인 것<br>이치로와의 대화<br><br>세 번째 수업. 우리는 모두 ‘타인의 타인’이다<br>사람은 혼자서는 살 수 없다<br>처음부터 타인의 존재를 아는 것은 아니다<br>타인에 대한 부정적인 관심<br>타인에 대한 긍정적인 관심<br>타자공헌을 느낄 때<br>타인을 친구로 볼 수 있는가?<br>있는 그대로의 자신이어야 공헌할 수 있다<br>퍼슨론<br>이치로와의 대화<br><br>네 번째 수업. 나이 듦과 질병을 통해 배우는 것<br>인생의 앞길이 가로막혔을 때<br>나이 듦이라는 현실<br>부모의 나이 듦과 자신의 나이 듦<br>가치의 저하<br>나이 듦과 질병은 퇴화가 아니다<br>‘퇴화’가 아니라 ‘변화’<br>건강해지려고 사는 것이 아니다<br>목적은 행복하게 사는 것<br>나이가 들어도, 병이 들어도 가치는 사라지지 않는다<br>공헌감을 느낄 수 있는 공헌<br>‘몸의 소리’에 귀를 기울인다<br>병이 들었을 때, 나이가 들었을 때 사람은 무엇을 배울까<br>이치로와의 대화<br><br>다섯 번째 수업. 죽음은 끝이 아니다<br>죽음에 대하여<br>죽음과 삶을 단절하지 않았을 때 생길 수 있는 문제<br>죽음의 수용<br>‘어차피 죽을 거 언제 죽어도 상관없다’는 생각<br>죽음이 어떠한 것일지라도<br>죽음을 기다리지 말자<br>‘나’라는 존재가 ‘마음’과 ‘몸’을 사용한다<br>‘나’라는 존재의 불사<br>품위 있는 죽음이 아니어도 괜찮다<br>이치로와의 대화<br><br>여섯 번째 수업. 지금 여기를 살다<br>자흐리히하게 산다<br>남이 뭐라든 신경 쓰지 않는 태도<br>자신을 향한 관심을 타인에게 돌린다<br>있는 그대로의 자신을 받아들인다<br>가능성 속에서 살지 않는 삶<br>사람은 흐름 속에서 살아간다<br>과거에 매달리지 마라<br>미래에도 매달리지 마라<br>지금 여기에 있는 목표<br>이치로와의 대화</p>','2022-07-15 16:55:21','2022-07-15 16:55:21',NULL),
(58,'아들러 성격 상담소',49,'2022-04-13','생각의날개','105001',15800,300,0.10,'<p><strong>내 성격은 도대체 왜 이럴까? 성격은 정말 팔자인 걸까? 타고난 성격을 바꾸는 일은 불가능할까?</strong><br><strong>내일은 행복해지고 싶은 당신을 위한 아들러식 카운슬링</strong><br><strong>어쩌자고 이런 성격일까 싶다면, 이 책을 한번 읽어보자!</strong></p><p>&nbsp;</p><p>《미움 받을 용기》로 아들러 심리학 붐을 일으킨 기시미 이치로가 ‘아들러’함께 성격에 관한 우리의 상식을 뒤엎는 책으로 돌아왔다! 『아들러 성격 상담소』는 아들러의 ‘성격심리학’을 기반으로 NHK에서 강연한 내용을 한 권으로 묶어낸 책으로 목적은 단순한 성격 진단이 아니라 개개인이 자기 성격을 제대로 이해하고, 성격을 바꾸고자 하는 사람에게는 ‘지적인 도움’을 주는 것이다. 이 책에는 다양한 성격 고민에 적용될 수 있는 폭넓은 해결책들이 등장한다. 자꾸만 남의 눈치를 본다거나, 항상 불안하다거나, 매일 밤 ‘나는 성격이 너무 이상해.’라는 생각에 우울해하며 ‘이번 생은 망했어.’ 한탄하는 사람이라면 기시미 이치로의 아들러식 카운슬링을 받아보자!<br><br>이 책에서는 흔히 말하는 ‘나쁜 성격’을 구체적으로 유형화해서 제시한다. 허영심이 강한 성격, 질투가 심한 성격, 미움과 적의로 가득한 성격, 소극적인 성격, 쉽게 불안해지는 성격, 겁 많은 성격, 쾌활한 성격……. 그리고 이처럼 유형화된 성격 유형이 어떤 과정을 통해 만들어지는지 이야기 한다. 첫째는 감정이고, 둘째는 가정 내 형제 순위다. 기시미 이치로는 화, 슬픔, 불안, 기쁨, 동정심, 수치심 등의 ‘감정’을 성격의 가장 기본적인 재료로 소개한다. 보다 유리한 상황을 만들기 위해, 또는 내 의지를 관철시키기 위해 사람들이 감정을 휘두른다는 것이다. 우리가 성격을 고민하는 이유는 보통 대인관계에서 발생하는 문제들 때문이다.<br><br>여기서 감정이 발생하는 것은 당연한 일이다. 이 때문에 감정은 ‘화를 잘 내는, 항상 슬퍼하는, 끝없이 불안한, 마냥 쾌활한’ 등등 성격을 표현할 때도 많이 쓰인다. 아들러는 이 같은 태도를 근본적으로 ‘열등감의 신호’로 이해해야 한다고 말했다. 한마디로 ‘나쁜 성격’이란 열등감을 감추기 위한 무기인 셈이다. 그렇다면 열등감이 생기는 이유는 무엇일까? 아들러는 그 원인을 가정 내 형제 순위에서 찾았다. 맏이인 기시미 이치로가 둘째였던 아들러의 성격심리학을 소개하면서 자연스럽게 이루어지는 심리적인 비교는 이 책에서만 얻을 수 있는 재미다. 더불어 형제 관계에서 자연스럽게 일어나는 질투, 경쟁심 등에 대한 설명은 이해할 수 없는 자녀의 성격 때문에 고민 중인 부모들에게도 좋은 가이드가 되어줄 것이다.</p><p>&nbsp;</p>','<h2>목차</h2><p>프롤로그_사람의 성격은 바뀌지 않는 걸까?<br><br>1장_허영심ㆍ질투ㆍ미움-공격형은 자기 중심적이다<br>허영심이 강한 성격<br>질투가 심한 성격<br>미움과 적의로 가득한 성격<br>상담소1 자신감이 없어서 질투하는 것일까요?<br><br>2장 소극적ㆍ불안함ㆍ두려움-방어형은 과제에서 도망친다<br>소극적인 성격<br>쉽게 불안해지는 성격<br>겁 많은 성격<br>상담소2 은둔형 외톨이가 된 아이의 불안을 없앨 수 있을까요?<br><br><br>3장 쾌활함ㆍ완고함ㆍ기분파 -모든 성격에는 목적이 있다<br>쾌활한 성격<br>미숙한 성격<br>완고한 성격<br>비굴한 성격<br>오만한 성격<br>감정 기복이 심한 성격<br>비관적인 성격<br>상담소3 비관적인 엄마의 고민에 어떻게 대응하면 좋을까요?<br><br>4장 분노ㆍ슬픔ㆍ수치심 -감정은 성격의 ‘항진(亢進)’이다<br>감정에 대하여<br>화에 대하여<br>슬픔에 대하여<br>불안에 대하여<br>기쁨에 대하여<br>동정심에 대하여<br>수치심에 대하여<br>상담소4 저는 열등감 때문에 화낸 것일까요?<br><br>5장 첫째ㆍ둘째ㆍ막내ㆍ외동-태어난 순서에 따른 성격 차이<br>형제들은 성격이 왜 다를까?<br>첫째<br>둘째<br>막내<br>외동<br>상담소5 부탁하는 능력을 키우는 것이 좋을까요?<br><br>마지막 장 성격을 바꾸면, 인생이 바뀐다<br>성격은 타고나는 것이 아니다<br>성격은 바꿀 수 있다<br><br>에필로그_성격을 바꿀 용기</p>','2022-07-15 16:57:03','2022-07-15 16:57:03',NULL),
(59,'교사와 학생 사이',50,'2020-02-06','양철북','105002',13000,300,0.10,'<p>가르침에는 바람직한 인격도 필요하지만, 특별한 기술이 필요하다. 아이들과 학부모, 학교 관리자들과의 관계에서 교사들이 겪는 문제들을 심도 있게 살피면서 그에 대처하는 방법을 소개한 책. 교사들이 매일 교실에서 부딪치는 상황들을 인격적으로 처리하고, 심리적인 문제들을 해결하는 방법을 일러준다.</p>','<h2>목차</h2><p>서문_5<br><br>제1장ㆍ교사들의 이야기_15<br>제2장ㆍ제일 좋은 방법_33<br>제3장ㆍ아주 나쁜 상황_55<br>제4장ㆍ적절한 의사 소통_83<br>제5장ㆍ위험한 칭찬_135<br>제6장ㆍ꾸지람과 가르침_159<br>제7장ㆍ교사와 학생의 갈등_199<br>제8장ㆍ숙제_233<br>제9장ㆍ동기 부여에 관하여_261<br>제10장ㆍ유익한 수업과 실천 방법_285<br>제11장ㆍ학부모, 학교 관리자와의 만남_305<br>제12장ㆍ기억나는 교사_333<br><br>에필로그_353<br>옮긴이의 말_355</p>','2022-07-15 17:00:56','2022-07-15 17:00:56',NULL),
(60,'부모와 아이 사이',50,'2003-08-16','양철북','105002',13000,300,0.10,'<p><strong>부모가 되면 가장 먼저 읽어야 할 책</strong><br><strong>감정코치 교육의 기본개념을 담은책</strong></p><p>&nbsp;</p><p>휼륭한 부모가 되는 기술을 알려준다. 아이와 부모의 심리 치료 경험의 결과물로서 부모들에게 아이들과의 문제를 해결해줄 수 있는 실천적 안내서이다. 부모들이 매일 부딪히는 여러 가지 상황과 심리적인 문제를 처리하는 데 필요한 구체적인 방법과 바람직한 해결책을 제안한다. 아이들과 서로 존중하는 가운데 품위를 지키켜 살아가는 부모들에게 안내 역할을 해줄 기본적인 의사 소통 원칙에서 이끌어낸 특별한 충고를 제공한다.</p><p>&nbsp;</p>','<h2>목차</h2><p>제1장 아이와 대화 나누기<br>제2장 말의 힘: 격려하고 이끌어주는 좋은 방법<br>제3장 아이를 망치는 부모: 부모의 잘못<br>제4장 책임감: 먼저 가치 있는 행동을 알려준다<br>제5장 규율: 처벌을 대신할 효과적인 대안<br>제6장 적극적으로 아이 키우기: 아이의 하루<br>제7장 질투: 아이의 비극<br>제8장 아이의 불만: 아이의 마음 안정시키기<br>제9장 성과 인간: 예민하고도 중요한 주제<br>제10장 요약: 아이를 올바르게 키우기</p>','2022-07-15 17:02:47','2022-07-15 17:02:47',NULL),
(61,'인피니티',51,'2022-06-30','한빛비즈','107003',19800,300,0.10,'<p><strong>전작 《퀀텀》을 잇는 교양물리학 필독서!</strong><br><strong>“이 책은 우주가 얼마나 놀라운 존재인지를</strong><br><strong>깨닫는 데 최적화된 도구다!”</strong><br><br><strong>노벨물리학상 수상자 미셸 마요르 추천!</strong><br><strong>전작 《퀀텀》을 잇는 교양물리학 필독서!</strong><br><strong>만화로 보는 ‘우주의 무한에서 양자의 무한까지’</strong></p><p>&nbsp;</p><p>상대성이론과 양자물리학을 통해 시간과 공간의 비밀을 파헤치는 교양만화 《인피니티: 만화로 배우는 우주와 블랙홀의 비밀》이 출간됐다. 프랑스어권은 물론 국내에서도 뜨거운 반응을 얻은 전작 《퀀텀》의 후속작이다.<br>이 책은 평범한 가족의 일상을 통해 우리를 무한히 큰 세계와 무한히 작은 세계로 안내한다. “지구에서 1,000년이 어느 은하에서는 3초라는 게 무슨 뜻일까?” “우주가 계속 커지고 있는 이유는 뭘까?” 자연의 가장 큰 미스터리 중 하나인 ‘시간과 공간’에 대한 이야기.<br>“상대성이론이 이렇게 쉬운 거였어?” 과학 덕후 작가의 예리한 설명과 감각적인 유머가 현대물리학의 높은 문턱을 확 끌어내린 책! 모두가 읽을 수 있는 물리학 만화다.</p><p>&nbsp;</p>','<h2>목차</h2><p>서문 | 과학이 허구를 넘어설 때<br>들어가는 말 | 무한에 대하여<br>우주의 무한 | 우주는 지금 몇 시일까<br>양자의 무한 | 환영으로 이루어진 세계<br>에필로그 | 진공의 숨결<br>용어설명<br>참고문헌</p>','2022-07-15 20:26:15','2022-07-15 20:26:15',NULL),
(62,'퀀텀',51,'2020-02-05','한빛비즈','107003',19800,300,0.10,'<p><strong>세계적인 이론물리학자인 카를로 로벨리,</strong><br><strong>2017년 노벨화학상을 받은 자크 뒤보셰가 극찬한 만화!</strong></p><p>&nbsp;</p><p>세상에서 가장 쉬운 양자역학과 상대성이론 이야기 [퀀텀]. 중력을 발견한 뉴턴, 양자역학의 아버지로 불리는 노벨상 물리학자 닐스 보어, 상대성 이론의 아인슈타인, 슈뢰딩거의 고양이로 유명한 오스트리아의 이론물리학자 에르빈 슈뢰딩거, 2018년 타계한 우주 물리학자 스티브 호킹까지. 이 책은 양자물리학 이론을 만화로 소개하고 있다.<br><br>이 책을 읽다 보면 양자물리학의 해석이 어떻게 변해왔는지를 알 수 있다. 중력이란 무엇인지, 특수상대성이론은 무엇이고 일반상대성이론은 무엇인지, 슈뢰딩거의 유명한 사고 실험과 이중 슬릿 실험, 결잃음, 양자 얽힘 등 도저히 알 수 없을 것만 같았던 양자역학을 쉽고 재미있게 풀어준다.</p><p>&nbsp;</p>','<h2>목차</h2><p>들어가는 말: 어렴풋한 현실<br>제1장 탄력적인 시간<br>제2장 세상은 어떻게 이상해졌나<br>제3장 힘은 우리 안에 있다<br>제4장 구부러진 우주<br>제5장 비어 있는 세계<br>제6장 자연은 부조리한가<br>제7장 과거가 미래에 좌우될 때<br>제8장 공간은 존재하는가<br>에필로그: 푸딩 속의 흐릿한 구름<br><br>용어 설명<br>감사의 말<br>참고문헌</p>','2022-07-15 20:28:30','2022-07-15 20:28:30',NULL),
(63,'The Midnight Library',25,'2021-04-27','Cannongate','201001',15000,300,0.10,'<p>The New York Times bestselling WORLDWIDE phenomenon<br><br>Winner of the Goodreads Choice Award for Fiction | A Good Morning America Book Club Pick<br><br>\"A feel-good book guaranteed to lift your spirits.\" The Washington Post<br><br>The dazzling reader-favorite about the choices that go into a life well lived, from the acclaimed author of How To Stop Time and The Comfort Book.<br><br>Somewhere out beyond the edge of the universe there is a library that contains an infinite number of books, each one the story of another reality. One tells the story of your life as it is, along with another book for the other life you could have lived if you had made a different choice at any point in your life. While we all wonder how our lives might have been, what if you had the chance to go to the library and see for yourself? Would any of these other lives truly be better?<br><br>In The Midnight Library, Matt Haig\'s enchanting blockbuster novel, Nora Seed finds herself faced with this decision. Faced with the possibility of changing her life for a new one, following a different career, undoing old breakups, realizing her dreams of becoming a glaciologist; she must search within herself as she travels through the Midnight Library to decide what is truly fulfilling in life, and what makes it worth living in the first place.</p><p><br>&nbsp;</p>','','2022-07-15 20:42:07','2022-07-15 20:42:07',NULL),
(64,'Pachinko',24,'2017-11-14',' Grand Central Publishing ','201001',19200,300,0.10,'<p><strong>* NATIONAL BOOK AWARD FINALIST *</strong></p><p>National Bestseller<br><br>Roxane Gay\'s Favorite Book of 2017, Washington Post<br><br>In this bestselling, page-turning saga, four generations of a poor Korean immigrant family fight to control their destiny in 20th-century Japan, exiled from a home they never knew.<br><br>\"There could only be a few winners, and a lot of losers. And yet we played on, because we had hope that we might be the lucky ones.\"<br><br>In the early 1900s, teenaged Sunja, the adored daughter of a crippled fisherman, falls for a wealthy stranger at the seashore near her home in Korea. He promises her the world, but when she discovers she is pregnant-and that her lover is married-she refuses to be bought. Instead, she accepts an offer of marriage from a gentle, sickly minister passing through on his way to Japan. But her decision to abandon her home, and to reject her son\'s powerful father, sets off a dramatic saga that will echo down through the generations.<br><br>Richly told and profoundly moving, Pachinko is a story of love, sacrifice, ambition, and loyalty. From bustling street markets to the halls of Japan\'s finest universities to the pachinko parlors of the criminal underworld, Lee\'s complex and passionate characters-strong, stubborn women, devoted sisters and sons, fathers shaken by moral crisis-survive and thrive against the indifferent arc of history.</p><p>&nbsp;</p>','','2022-07-15 20:44:09','2022-07-15 20:44:09',NULL),
(65,'Proofs and Theories ',52,'1995-12-01',' Ecco Press ','201002',18620,300,0.00,'<p>Proofs &amp; Theories is a long-awaited first gathering of essays by one of this country\'s most brilliant poets. Like her poems, the prose of Ms. Gluck, who won the Pulitzer Prize for poetry in 1993 for The Wild Iris, is compressed, fastidious, fierce, alert, and absolutely unconsoled. The force of her thought is apparent everywhere in her writing and whether she is contemplating - skeptically - the critical currency of ideas like \"courage\" and \"sincerity\", T. S. Eliot\'s reduced reputation as a poet of impersonality, the loyalties of the objectivist George Oppen, or the ferocity in the headlong art of Sylvia Plath, there is something exhilarating about her seriousness, spare, austere, mind-clearing, and adamantly alive. She shares her skepticism with a whole temper of post-modern critical thought. But post-modernism, on the whole, has stood aside from what artists have thought was at stake in their art in order to dissect it. Ms. Gluck is also quite expert - wry sometimes, darkly funny even - at dissection but in these essays one never doubts what is at stake: an art as truthful, adamant, and unflinching as the intelligence that she brings to her own. Proofs &amp; Theories is not a casual collection. It is the testament of a major poet.</p>','','2022-07-15 20:51:32','2022-07-15 21:02:52',NULL),
(66,'American Originality: Essays on Poetry',52,'2018-04-03','Farrar, Straus and Giroux','201002',18500,300,0.00,'<p><strong>A luminous collection of essays from one of our most original and influential poets</strong></p><p>Five decades after her debut poetry collection, Firstborn, Louise Gl?ck is a towering figure in American letters. Written with the same probing, analytic control that has long distinguished her poetry, American Originality is Gl?ck’s second book of essays―her first, Proofs and Theories, won the 1993 PEN/Martha Albrand Award for First Nonfiction. Gl?ck’s moving and disabusing lyricism is on full display in this decisive new collection.<br><br>From its opening pages, American Originality forces readers to consider contemporary poetry and its demigods in radical, unconsoling, and ultimately very productive ways. Determined to wrest ample, often contradictory meaning from our current literary discourse, Gl?ck comprehends and destabilizes notions of “narcissism” and “genius” that are unique to the American literary climate. This includes erudite analyses of the poets who have interested her throughout her own career, such as Rilke, Pinsky, Chiasson, and Dobyns, and introductions to the first books of poets like Dana Levin, Peter Streckfus, Spencer Reece, and Richard Siken. Forceful, revealing, challenging, and instructive, American Originality is a seminal critical achievement.</p><p>&nbsp;</p>','','2022-07-15 20:53:27','2022-07-15 21:02:41',NULL),
(67,'Macbeth',53,'2015-08-27','Penguin Classic','201003',8900,300,0.10,'<p>Referred to by superstitious actors as \'the Scottish play\', William Shakespeare\'s Macbeth is a tragedy in which appalling earthly crimes have lasting supernatural repercussions. This Penguin Shakespeare edition is edited by George Hunter with an introduction by Carol Rutter.<br><br>\'By the pricking of my thumbs,Something wicked this way comes\'<br><br>Promised a golden future as ruler of Scotland by three sinister witches, and spurred on by his wife, Macbeth murders King Duncan to ensure his ambitions come true. But he soon learns the meaning of terror - killing once, he must kill again and again, and the dead return to haunt him. A story of war, witchcraft and bloodshed, Macbeth also depicts the relationship between husbands and wives, and the risks they are prepared to take to achieve their desires.<br><br>This book contains a general introduction to Shakespeare\'s life and Elizabethan theatre, a separate introduction to Macbeth, a chronology, suggestions for further reading, an essay discussing performance options on both stage and screen, and a commentary.<br><br>William Shakespeare (1564-1616) was born to John Shakespeare and Mary Arden some time in late April 1564 in Stratford-upon-Avon. He wrote about 38 plays (the precise number is uncertain), many of which are regarded as the most exceptional works of drama ever produced, including Romeo and Juliet (1595), Henry V (1599), Hamlet (1601), Othello (1604), King Lear (1606) and Macbeth (1606), as well as a collection of 154 sonnets, which number among the most profound and influential love-poetry in English.</p>','','2022-07-15 20:57:05','2022-07-15 20:57:05',NULL),
(68,'Hamlet',53,'2015-08-27','Penguin Classic','201003',8900,300,0.10,'<p>Perhaps the single most influential work of English drama, William Shakespeare\'s Hamlet is a timeless tragedy of the conflicted loyalties, madness, betrayal and terrible revenge. This Penguin Shakespeare edition is edited by T.J.B. Spencer with an introduction by Alan Sinfield.<br><br>\'To be or not to be - that is the question\'<br><br>Something is rotten in the state of Denmark. When young prince Hamlet is confronted by his father\'s ghost on the battlements of Castle Elsinore, he is burdened with a terrible task: slay King Claudius, Hamlet\'s uncle, who the ghost alleges murdered him. Wrestling with his conscience, Hamlet feigns wild madness while plotting a brutal revenge, alienating his mother Queen Gertrude and spurning his lover Ophelia. But the act of insanity takes Hamlet perilously close to the reality, wreaking havoc on guilty and innocent alike.<br><br>This book contains a general introduction to Shakespeare\'s life and Elizabethan theatre, a separate introduction to Hamlet, a chronology, suggestions for further reading, an essay by Paul Prescott discussing performance options on both stage and screen, and a commentary.</p>','','2022-07-15 21:08:02','2022-07-15 21:08:02',NULL),
(69,'Applied English Phonology',54,'2020-04-21','Wiley-Blackwell','202001',39000,300,0.00,'<p>The new edition of the leading textbook for English applied phonetics and phonology A leading textbook for English Phonetics and Phonology, the fourth edition of Applied English Phonology is an accessible, authoritative introduction to the English sound system. Providing clear explanations and numerous illustrative examples, this new edition has been fully updated with the latest research and references. Detailed discussions of fundamental concepts of applied English phonology cover phonetic elements, phonemics, English consonants and vowels, stress and intonation, structural factors in second language phonology, and much more. Designed for students and professionals in both theoretical and applied linguistics, education, and communication sciences and disorders, this textbook contains new material throughout, including a new chapter introducing typical phonological development, patterns of simplification, and disordered phonology. Expanded sections explore topics such as contracted forms, issues in consonant and vowel transcription conventions, and regional dialects of American English. The essential introduction to phonetics and phonology, this textbook: Presents new and revised exercises, references, and recommended readings Covers developmental disorders relevant to the field of speech pathology Includes end-of-chapter passages that help students check their phonetic transcriptions Features an enhanced companion website which contains instructor resources and sound files for transcription exercises Written by an internationally recognized scholar and educator, Applied English Phonology, Fourth Edition is essential reading for anyone in applied phonetics and phonology courses, as well as students and practitioners in areas of language and linguistics, TESOL, and communication sciences and disorders.</p>','','2022-07-15 21:11:34','2022-07-15 21:11:34',NULL),
(70,'English Syntax and Argumentation',55,'2017-09-15','Palgrave Macmillan','202001',43000,300,0.00,'<p>Written by a leading authority on the subject, the fifth edition of this bestselling book provides students with a thorough grounding in the essentials of sentence structure and the fundamentals of syntactic argumentation.<br><br>Divided into four parts, it begins by examining the basic concepts that underpin the study of syntax, before moving on to more complex issues. The first part introduces the foundations of syntax, namely clauses and sentences; the second looks at the internal structure of phrases and the bridge between syntax and semantics; the third deals with syntactic argumentation; and the fourth focuses on argumentation and its application. Chapters feature clear explanations of technical terms, easy-to-follow examples and interactive exercises to illustrate key ideas.<br><br>This theoretically-neutral text will be core reading for all students of English, Linguistics and Applied Linguistics who are encountering the study of syntax for the first time.</p>','','2022-07-15 21:18:09','2022-07-15 21:18:09',NULL),
(71,'Rethinking Life and Death',56,'2017-09-05',' Princeton University Press','202002',20860,300,0.10,'<p><strong>Longlisted for the 2017 PEN/Diamonstein-Spielvogel Award for the Art of the Essay, Pen American Center</strong></p><p>Peter Singer is often described as the world\'s most influential philosopher. He is also one of its most controversial. The author of important books such as Animal Liberation, Practical Ethics, Rethinking Life and Death, and The Life You Can Save, he helped launch the animal rights and effective altruism movements and contributed to the development of bioethics. Now, in Ethics in the Real World, Singer shows that he is also a master at dissecting important current events in a few hundred words.<br><br>In this book of brief essays, he applies his controversial ways of thinking to issues like climate change, extreme poverty, animals, abortion, euthanasia, human genetic selection, sports doping, the sale of kidneys, the ethics of high-priced art, and ways of increasing happiness. Singer asks whether chimpanzees are people, smoking should be outlawed, or consensual sex between adult siblings should be decriminalized, and he reiterates his case against the idea that all human life is sacred, applying his arguments to some recent cases in the news. In addition, he explores, in an easily accessible form, some of the deepest philosophical questions, such as whether anything really matters and what is the value of the pale blue dot that is our planet. The collection also includes some more personal reflections, like Singer’s thoughts on one of his favorite activities, surfing, and an unusual suggestion for starting a family conversation over a holiday feast.<br><br>Now with a new afterword by the author, this provocative and original book will challenge―and possibly change―your beliefs about many real-world ethical questions.</p><p>&nbsp;</p>','','2022-07-15 21:22:19','2022-07-15 21:22:19',NULL),
(72,'Ethics in the Real World',56,'2017-09-05','Princeton University Press','202002',20860,300,0.10,'<p><strong>Longlisted for the 2017 PEN/Diamonstein-Spielvogel Award for the Art of the Essay, Pen American Center</strong></p><p>Peter Singer is often described as the world\'s most influential philosopher. He is also one of its most controversial. The author of important books such as Animal Liberation, Practical Ethics, Rethinking Life and Death, and The Life You Can Save, he helped launch the animal rights and effective altruism movements and contributed to the development of bioethics. Now, in Ethics in the Real World, Singer shows that he is also a master at dissecting important current events in a few hundred words.<br><br>In this book of brief essays, he applies his controversial ways of thinking to issues like climate change, extreme poverty, animals, abortion, euthanasia, human genetic selection, sports doping, the sale of kidneys, the ethics of high-priced art, and ways of increasing happiness. Singer asks whether chimpanzees are people, smoking should be outlawed, or consensual sex between adult siblings should be decriminalized, and he reiterates his case against the idea that all human life is sacred, applying his arguments to some recent cases in the news. In addition, he explores, in an easily accessible form, some of the deepest philosophical questions, such as whether anything really matters and what is the value of the pale blue dot that is our planet. The collection also includes some more personal reflections, like Singer’s thoughts on one of his favorite activities, surfing, and an unusual suggestion for starting a family conversation over a holiday feast.<br><br>Now with a new afterword by the author, this provocative and original book will challenge―and possibly change―your beliefs about many real-world ethical questions.</p><p>&nbsp;</p>','','2022-07-15 21:23:37','2022-07-15 21:23:37',NULL),
(73,'Think Again',57,'2021-02-02','Viking ','203002',2000,300,0.00,'<p>\"Think Again is a must-read for anyone who wants to create a culture of learning and exploration, whether at home, at work, or at school... In an increasingly divided world, the lessons in this book are more important than ever.\"<br>--Bill and Melinda Gates<br><br>The bestselling author of Give and Take and Originals examines the critical art of rethinking: learning to question your opinions and open other people\'s minds, which can position you for excellence at work and wisdom in life<br><br>Intelligence is usually seen as the ability to think and learn, but in a rapidly changing world, there\'s another set of cognitive skills that might matter more: the ability to rethink and unlearn. In our daily lives, too many of us favor the comfort of conviction over the discomfort of doubt. We listen to opinions that make us feel good, instead of ideas that make us think hard. We see disagreement as a threat to our egos, rather than an opportunity to learn. We surround ourselves with people who agree with our conclusions, when we should be gravitating toward those who challenge our thought process. The result is that our beliefs get brittle long before our bones. We think too much like preachers defending our sacred beliefs, prosecutors proving the other side wrong, and politicians campaigning for approval--and too little like scientists searching for truth. Intelligence is no cure, and it can even be a curse: being good at thinking can make us worse at rethinking. The brighter we are, the blinder to our own limitations we can become.<br><br>Organizational psychologist Adam Grant is an expert on opening other people\'s minds--and our own. As Wharton\'s top-rated professor and the bestselling author of Originals and Give and Take, he makes it one of his guiding principles to argue like he\'s right but listen like he\'s wrong. With bold ideas and rigorous evidence, he investigates how we can embrace the joy of being wrong, bring nuance to charged conversations, and build schools, workplaces, and communities of lifelong learners. You\'ll learn how an international debate champion wins arguments, a Black musician persuades white supremacists to abandon hate, a vaccine whisperer convinces concerned parents to immunize their children, and Adam has coaxed Yankees fans to root for the Red Sox. Think Again reveals that we don\'t have to believe everything we think or internalize everything we feel. It\'s an invitation to let go of views that are no longer serving us well and prize mental flexibility over foolish consistency. If knowledge is power, knowing what we don\'t know is wisdom.</p>','','2022-07-15 21:27:10','2022-07-15 21:27:10',NULL),
(74,'Originals',57,'2017-02-07','Penguin Books ','203001',13900,300,0.10,'<p>Start the new year with the number one New York Times best seller that examines how people can champion new ideas - and how leaders can fight groupthink, from the author of Give and Take and co-author of Option B.<br><br>“Reading Originals made me feel like I was seated across from Adam Grant at a dinner party, as one of my favorite thinkers thrilled me with his insights and his wonderfully new take on the world.” (Malcolm Gladwell, author of Outliers and The Tipping Point)<br><br>“Originals is one of the most important and captivating books I have ever read, full of surprising and powerful ideas. It will not only change the way you see the world; it might just change the way you live your life. And it could very well inspire you to change your world.” (Sheryl Sandberg, COO of Facebook and author of Lean In)<br><br>With Give and Take, Adam Grant not only introduced a landmark new paradigm for success but also established himself as one of his generation’s most compelling and provocative thought leaders. In Originals he again addresses the challenge of improving the world, but now from the perspective of becoming original: choosing to champion novel ideas and values that go against the grain, battle conformity, and buck outdated traditions. How can we originate new ideas, policies, and practices without risking it all?<br><br>Using surprising studies and stories spanning business, politics, sports, and entertainment, Grant explores how to recognize a good idea, speak up without getting silenced, build a coalition of allies, choose the right time to act, and manage fear and doubt; how parents and teachers can nurture originality in children; and how leaders can build cultures that welcome dissent. Learn from an entrepreneur who pitches his start-ups by highlighting the reasons not to invest, a woman at Apple who challenged Steve Jobs from three levels below, an analyst who overturned the rule of secrecy at the CIA, a billionaire financial wizard who fires employees for failing to criticize him, and a TV executive who didn’t even work in comedy but saved Seinfeld from the cutting-room floor. The payoff is a set of groundbreaking insights about rejecting conformity and improving the status quo.</p>','','2022-07-15 21:28:51','2022-07-15 21:28:51',NULL),
(75,'Give and Take ',57,'2013-04-09','Viking','203002',45860,300,0.00,'<p>Using his own cutting-edge research as a professor at Wharton Business School, Adam Grant shows how helping others can lead to greater personal success. He demonstrates how smart givers avoid becoming doormats, and why this kind of success has the power to transform not just individuals and groups, but entire organisations and communities.</p>','','2022-07-15 21:30:20','2022-07-15 21:30:20',NULL),
(76,'The Psychology of Money',58,'2020-09-08','Harriman House','203003',22500,300,0.10,'<p>Doing well with money isn\'t necessarily about what you know. It\'s about how you behave. And behavior is hard to teach, even to really smart people.<br><br>Money investing, personal finance, and business decisions is typically taught as a math-based field, where data and formulas tell us exactly what to do. But in the real world people don\'t make financial decisions on a spreadsheet. They make them at the dinner table, or in a meeting room, where personal history, your own unique view of the world, ego, pride, marketing, and odd incentives are scrambled together.<br><br>In The Psychology of Money, award-winning author Morgan Housel shares 19 short stories exploring the strange ways people think about money and teaches you how to make better sense of one of life\'s most important topics.</p>','','2022-07-18 20:41:18','2022-07-18 20:41:18',NULL),
(77,'The Millionaire Fastlane',59,'2011-12-04','Viperion Publishing','203003',27500,300,0.10,'<p>Is the financial plan of mediocrity -- a dream-stealing, soul-sucking dogma known as \"The Slowlane\" your plan for creating wealth? You know how it goes; it sounds a little something like this: \"Go to school, get a good job, save 10% of your paycheck, buy a used car, cancel the movie channels, quit drinking expensive Starbucks lattes, save and penny-pinch your life away, trust your life-savings to the stock market, and one day, when you are oh, say, 65 years old, you can retire rich.\" The mainstream financial gurus have sold you blindly down the river to a great financial gamble: You\'ve been hoodwinked to believe that wealth can be created by recklessly trusting in the uncontrollable and unpredictable markets: the housing market, the stock market, and the job market. This impotent financial gamble dubiously promises wealth in a wheelchair -- sacrifice your adult life for a financial plan that reaps dividends in the twilight of life. Accept the Slowlane as your blueprint for wealth and your financial future will blow carelessly asunder on a sailboat of HOPE: HOPE you can find a job and keep it, HOPE the stock market doesn\'t tank, HOPE the economy rebounds, HOPE, HOPE, and HOPE. Do you really want HOPE to be the centerpiece for your family\'s financial plan? Drive the Slowlane road and you will find your life deteriorate into a miserable exhibition about what you cannot do, versus what you can. For those who don\'t want a lifetime subscription to mediocrity and a slight chance of elderly riches, there is an alternative; an expressway to extraordinary wealth that can burn a trail to financial independence faster than any road out there. -- Why jobs, 401(k)s, mutual funds, and 40-years of mindless frugality will never make you rich young. -- Why most entrepreneurs fail and how to immediately put the odds in your favor. -- The real law of wealth: Leverage this and wealth has no choice but to be magnetized to you. -- The leading cause of poorness: Change this and you change everything. --How the rich really get rich - and no, it has nothing to do with a paycheck or a 401K match. -- Why the guru\'s grand deity - compound interest - is an impotent wealth accelerator. -- Why the guru myth of \"do what you love\" will most likely keep you poor, not rich. -- And 250+ more poverty busting distinctions.</p>','','2022-07-18 20:44:07','2022-07-18 20:44:07',NULL),
(78,'Energy in Nature and Society ',60,'2007-12-21','Penguin Books','204001',29480,300,0.10,'<p>Energy in Nature and Societyis a systematic and exhaustive analysis of all the major energy sources, storages, flows, and conversions that have shaped the evolution of the biosphere and civilization. Vaclav Smil uses fundamental unifying metrics (most notably for power density and energy intensity) to provide an integrated framework for analyzing all segments of energetics (the study of energy flows and their transformations). The book explores not only planetary energetics (such as solar radiation and geomorphic processes) and bioenergetics (photosynthesis, for example) but also human energetics (such as metabolism and thermoregulation), tracing them from hunter-gatherer and agricultural societies through modern-day industrial civilization. Included are chapters on heterotrophic conversions, traditional agriculture, preindustrial complexification, fossil fuels, fossil-fueled civilization, the energetics of food, and the implications of energetics for the environment. The book concludes with an examination of general patterns, trends, and socioeconomic considerations of energy use today, looking at correlations between energy and value, energy and the economy, energy and quality of life, and energy futures. Throughout the book, Smil chooses to emphasize the complexities and peculiarities of the real world, and the counterintuitive outcomes of many of its processes, over abstract models. Energy in Nature and Societyprovides a unique, comprehensive, single-volume analysis and reference source on all important energy matters, from natural to industrial energy flows, from fuels to food, from the Earth\'s formation to possible energy futures, and can serve as a text for courses in energy studies, global ecology, earth systems science, biology, and chemistry.</p>','<p>Chapter Page<br>Introduction: Why Do We Need This Book? 1<br>1. Understanding Energy: Fuels and Electricity 13<br>2. Understanding Food Production: Eating Fossil Fuels 44<br>3. Understanding Our Material World: The Four Pillars of Modern Civilization 76<br>4. Understanding Globalization: Engines, Microchips, and Beyond 103<br>5. Understanding Risks: From Viruses to Diets to Solar Flares 134<br>6. Understanding the Environment: The Only Biosphere We Have 168<br>7. Understanding the Future: Between Apocalypse and Singularity 205<br>Appendix: Understanding Numbers: Orders of Magnitude 230<br>References and Notes 235<br>Acknowledgments 307<br>Index 309</p>','2022-07-18 20:47:45','2022-07-18 20:55:54',NULL),
(79,'How the World Really Works',60,'2022-05-10','Viking','204001',35000,300,0.00,'<p>An essential analysis of the modern science and technology that makes our twenty-first century lives possible?a scientist\'s investigation into what science really does, and does not, accomplish.<br><br>We have never had so much information at our fingertips and yet most of us don’t know how the world really works. This book explains seven of the most fundamental realities governing our survival and prosperity. From energy and food production, through our material world and its globalization, to risks, our environment and its future, How the World Really Works offers a much-needed reality check?because before we can tackle problems effectively, we must understand the facts.<br><br>In this ambitious and thought-provoking book we see, for example, that globalization isn’t inevitable?the foolishness of allowing 70 per cent of the world’s rubber gloves to be made in just one factory became glaringly obvious in 2020?and that our societies have been steadily increasing their dependence on fossil fuels, such that any promises of decarbonization by 2050 are a fairy tale. For example, each greenhouse-grown supermarket-bought tomato has the equivalent of five tablespoons of diesel embedded in its production, and we have no way of producing steel, cement or plastics at required scales without huge carbon emissions.<br><br>Ultimately, Smil answers the most profound question of our age: are we irrevocably doomed or is a brighter utopia ahead? Compelling, data-rich and revisionist, this wonderfully broad, interdisciplinary guide finds faults with both extremes. Looking at the world through this quantitative lens reveals hidden truths that change the way we see our past, present and uncertain future.</p>','','2022-07-18 20:52:42','2022-07-18 20:52:42',NULL),
(80,'Halliday and Resnick\'s Principles of Physics',61,'2020-01-13','Wiley','204002',48000,300,0.00,'<p>The classic textbook that builds scientific literacy and logical reasoning ability<br><br>Principles of Physics, now in its 11th edition, is renowned for teaching students, not just the basic concepts of physics, but also the superior problem-solving skills needed to apply what they have learned. With thematic modules and clear learning objectives, students will never be left asking, \"Why am I learning this?\" End-of-chapter questions range from the mathematically challenging to the conceptually complex, to truly instill in students a working knowledge of calculus-based physics.<br><br>This new edition features problems that represent a \"best of\" selection reaching all the way back to the book\'s first publication. The strongest and most interesting questions from all the Principles of Physics editions will challenge and stimulate students as they learn how the world works. Altogether, this user-friendly text is peerless in its ability to help students build scientific literacy and physics skill.</p>','','2022-07-18 21:08:00','2022-07-18 21:08:00',NULL),
(81,'Clouds in a Glass of Beer',61,'2001-07-10','Dover Publications','204002',24490,300,0.20,'<p>Memorable and thoroughly understandable science lessons, liberally sprinkled with humor, will fascinate beginning physics students as well as other readers in such chapters as \"On a Clear Day You Can\'t See Forever,\" \"Physics on a Manure Heap,\" \"A Murder in Ceylon,\" and \"Multiple Scattering at the Breakfast Table.\"</p>','','2022-07-18 21:13:17','2022-07-18 21:13:17',NULL),
(82,'Calculus',62,'2021-03-01','Cengage','204003',47000,300,0.00,'<p>Success in your calculus course starts here! James Stewart\'s CALCULUS: EARLY TRANSCENDENTALS texts are world-wide best-sellers for a reason: they are clear, accurate, and filled with relevant, real-world examples. With CALCULUS: EARLY TRANSCENDENTALS, Eighth Edition, Stewart conveys not only the utility of calculus to help you develop technical competence, but also gives you an appreciation for the intrinsic beauty of the subject. His patient examples and built-in learning aids will help you build your mathematical confidence and achieve your goals in the course.</p>','','2022-07-18 21:19:09','2022-07-18 21:19:09',NULL),
(83,'Essential Calculus',62,'2006-07-13','Thomson Learning','204003',18000,300,0.00,'<p>Written by James Stewart, this manual contains detailed solutions to the odd-numbered exercises in each chapter section, review section, and True-False Quiz. Also includes solutions to all Concept Check questions.</p><h2>&nbsp;</h2>','','2022-07-18 21:20:35','2022-07-18 21:20:35',NULL);

/*Table structure for table `bloom_cart` */

DROP TABLE IF EXISTS `bloom_cart`;

CREATE TABLE `bloom_cart` (
  `cartId` int NOT NULL AUTO_INCREMENT,
  `memberId` varchar(50) DEFAULT NULL,
  `bookId` int DEFAULT NULL,
  `bookCount` int DEFAULT NULL,
  PRIMARY KEY (`cartId`),
  UNIQUE KEY `memberId` (`memberId`,`bookId`),
  KEY `bookId` (`bookId`),
  CONSTRAINT `bloom_cart_ibfk_1` FOREIGN KEY (`memberId`) REFERENCES `bloom_member` (`memberId`),
  CONSTRAINT `bloom_cart_ibfk_2` FOREIGN KEY (`bookId`) REFERENCES `bloom_book` (`bookId`)
) ENGINE=InnoDB AUTO_INCREMENT=33 DEFAULT CHARSET=utf8mb4 COLLATE=utf8mb4_0900_ai_ci;

/*Data for the table `bloom_cart` */

insert  into `bloom_cart`(`cartId`,`memberId`,`bookId`,`bookCount`) values 
(29,'woojae',8,1),
(30,'woojae',7,1),
(31,'admin',47,1);

/*Table structure for table `bloom_faq` */

DROP TABLE IF EXISTS `bloom_faq`;

CREATE TABLE `bloom_faq` (
  `fno` int NOT NULL AUTO_INCREMENT,
  `cateCode` varchar(30) NOT NULL,
  `cateName` varchar(30) DEFAULT NULL,
  `title` varchar(500) NOT NULL,
  `content` text,
  `writer` varchar(50) NOT NULL,
  `regdate` timestamp NULL DEFAULT CURRENT_TIMESTAMP,
  `updatedate` timestamp NULL DEFAULT CURRENT_TIMESTAMP,
  PRIMARY KEY (`fno`)
) ENGINE=InnoDB AUTO_INCREMENT=16 DEFAULT CHARSET=utf8mb4 COLLATE=utf8mb4_0900_ai_ci;

/*Data for the table `bloom_faq` */

insert  into `bloom_faq`(`fno`,`cateCode`,`cateName`,`title`,`content`,`writer`,`regdate`,`updatedate`) values 
(1,'101','주문','비회원도 주문이 가능한가요?','<p><strong>아니오. 비회원으로도 주문하실 수 없습니다.</strong><br>상품을 주문하기 위해서는 로그인이나 회원가입이 필수입니다.</p>','관리자','2022-11-24 15:36:00','2022-12-07 17:30:16'),
(2,'101','주문','외국서적을 해외에서 직접 주문할 때는?','<p>먼저 \'외국도서\' 코너에서 국내에 수입 되었는지 여부를 검색하시고, 국내에 수입되지 않았거나, 국내 재고가 없는 도서에 대해서는 해외로 직접 주문하실 수 있습니다.<br>- 서양 도서에서 검색이 되지 않을 경우에는 도서명, 출판사, 저자, ISBN 등을 고객센터의 Q&amp;A &lt;서양 도서 검색/주문&gt; 상담으로 알려주시면 해외 주문 가능 여부를 확인하여 드립니다.<br>- 일본 도서의 경우에는 고객센터의 Q&amp;A &lt;일본 도서 검색/주문&gt; 상담을 이용하여 주십시오.</p>','관리자','2022-11-24 15:37:18','2022-11-24 15:37:18'),
(3,'101','주문','공인인증서가 무엇인가요?','<p>인터넷 결제 시 신원을 확인하고, 문서의 위조와 변조, 거래 사실의 부인 방지 등을 목적으로 공인인증기관에서 발행한 사이버 거래용 인감증명서를 의미합니다.<br><br>-&nbsp;<strong>30만원 이상 신용카드 결제 시, 실시간 계좌이체 이용 시 반드시 공인인증서가 있어야 결제가 가능하므로</strong> 가까운 거래은행에 방문하시어 발급 받으시면 됩니다.</p><p>&nbsp;</p><p><strong>* 발급방법</strong></p><p>거래은행 방문하여 인터넷뱅킹 신청 → 해당 거래은행 홈페이지 접속하여 회원가입 및 인터넷뱅킹 등록&nbsp;→&nbsp;해당 은행 홈페이지 공인인증센터에서 공인인증서를 다운로드한 후 저장하여 이용</p><p>(자세한 발급방법은 해당은행에 문의 부탁드립니다)</p>','관리자','2022-11-24 15:37:52','2022-11-24 15:37:52'),
(4,'102','결제','결제방법을 변경할 수 있나요?','<p>주문/결제하신 후에는 인터넷 상에서 결제방법을 변경하실 수 없습니다. 주문을 취소한 후 재주문 해 주시기 바랍니다.</p><p>&nbsp;</p><p>단, 신용카드 결제 후 카드 변경이 필요하거나&nbsp;</p><p>라인입금 선택 후 입금 전 상태에서 신용카드 결제로 변경은 고객센터 1:1상담의 &lt;주문/결제&gt; 또는 전화(국번없이)9999-9999으로 문의 주신 후 주문번호와 변경사항 등을 알려주시면 확인 후 변경 가능합니다.</p>','관리자','2022-11-24 15:38:51','2022-11-24 15:38:51'),
(5,'102','결제','온라인 송금시 해외 송금이 가능한가요?','<p><strong>아니요. 해외 거주 고객님께서는 가상계좌 이용이 불가능합니다.</strong></p><p>&nbsp;</p><p>해외송금시, 환차손 및 해외송금수수료로 인항 실제 주문금액보다 적은 금액이 송금될 수 있습니다. 주문하신 금액보다 적은 금액이 가상계좌에 있을 경우 은행 시스템에 의하여 정상송금이 진행되지 않습니다.&nbsp;</p><p>송금금액이 고객님 계좌로 반송(환불)조치 되며,&nbsp;</p><p>최종 반송(환불)된 금액은 최초 송금금액에서 송금/반송 수수료 및 환차손만큼을 차감하여 반송(환불)되기 때문에 손해를 입으실 수 있습니다.</p><p>이 경우, 발생한 손해에 대해서는 당사는 책임지지 않습니다.&nbsp;</p><p>해외 송금 건 중, 실제 입금예정 금액 보다 적은 금액일 경우, \'금액부족\'으로 은행 자체적으로 입금실패로 처리됩니다.&nbsp;</p><p>온라인 입금시 해외송금은 입금처리가 불가하오니, 이용시 참고해 주시기 바랍니다.</p>','관리자','2022-11-24 15:41:22','2022-11-24 15:41:22'),
(6,'102','결제','주문취소 후 환불은 언제되나요?','<p>주문하신 상품의 주문상태가 \"주문접수\", \"결제완료\"로 <strong>주문취소가 바로 가능한 시점에 주문을 취소 하셨을 경우</strong></p><p>사용하셨던 마일리지, 통합포인트, 예치금 등은 바로 환원이 되며 신용카드, 휴대폰결제 등은 바로 승인취소 처리가 됩니다.&nbsp;</p><p>&nbsp;</p><p>단, 실시간계좌이체의 경우 은행 별 서비스 가능시간이나 제한조건이 많아 승인취소가 바로 되지 않는 경우가 발생할 수 있어 예치금으로 환불해드립니다.&nbsp;</p><p>&nbsp;</p><p>예치금은 현금과 같이 Bloom에서 사용하시거나 환불 요청 시 바로 환불해드립니다.&nbsp;</p><p>단, 주문하신 상품이 \"포장중\", \"배송중\", \"배송완료\" 일 경우 이미 해당 상품이 택배사로 인계 된 상태이기 때문에 <strong>주문취소가 불가능합니다.</strong></p><p>이럴 경우 반품신청을 통해 환불하셔야 합니다.</p>','관리자','2022-11-24 15:42:20','2022-11-24 15:42:20'),
(7,'103','교환','파본/훼손/오배송 된 상품을 교환하고 싶습니다.','<p>일반 택배로 배<a href=\"http://xn--vm4b/\">송</a> 받으신 상품에 하자가 있는 경우, 인터넷 홈페이지에서 배송 완료일로 부터 30일 이내 <a href=\"https://order.kyobobook.co.kr/myroom/member/order-list\"><strong>마이 &gt; 주문/ 배송목록</strong></a><strong> </strong>&gt; 주문상세페이지 &gt; 교환신청 가능합니다.</p><p>&nbsp;</p><p>※ 도서 자체 인쇄 파본인 경우 문제점 발견 후 30일이내 ※ 단, 우편/ 편의점택배 수령의 경우 회수주소지 정보에 일반 주소지 입력해 주시면 일반택배로 맞교환 진행됩니다.&nbsp;</p><p>고객센터 1:1상담에서 &lt;파본/ 상품불량 신고&gt; 또는 &lt;반품/교환/환불&gt; 상담에 주문번호와 내용을 기재하여 주십시오.&nbsp;</p><p>&nbsp;</p><p>담당자 확인 후 주문시의 주소로 상품을 다시 배송 해 드립니다. 파본도서는 배송 된 상품을 받으시면서 맞교환해주시면 됩니다.&nbsp;</p><p>택배직원 편에 반송을 못하셨을 경우, 고객센터의 Q&amp;A &lt;반품/교환/환불&gt;로 문의 접수해주시면, 택배기사가 반품회수 재방문을 하도록 조치해드립니다.&nbsp;</p><p>또는 주문번호와 반송사유를 간략하게 메모하여 착불 반품을 보내주셔도 됩니다.&nbsp;</p>','관리자','2022-11-24 15:44:10','2022-11-24 15:44:10'),
(8,'103','교환','매장에서 받은 파손 상품을 교환 받고 싶습니다.','<p>매장에서 구입한 상품에 하자가 있는 경우, 문제점 발견 후 <strong>30일 이내 동일상품</strong>으로 교환 가능합니다.&nbsp;</p><p>교환할 상품에 재고가 없거나 교환을 원치 않을 경우 환불 처리해 드립니다.&nbsp;</p><p>구매 시 발급받은 영수증 및 결제카드를 반드시 지참하여 가까운 매장으로 방문해 주시면 됩니다.</p><p>&nbsp;</p><p><strong>※ 전 매장 교환/환불이 불가한 경우(해당 매장만 가능)</strong> - 현대백화점카드로 결제 - 서울대/전북대 교내서점에서 구매한 경우 - 총판도서 구매한 경우 <strong>※ 교환/환불이 불가한 경우</strong> 상품의 인위적인 손상이 있거나 1회성 상품 (만화, 잡지) , 복제 가능 상품 (CD 등) , 외국서적 개인 주문분 ,각종 수험서 (해당 시험일정 D-1일까지 교환가능) 는 교환이 불가능한 점 양해 부탁드립니다.</p>','관리자','2022-11-24 15:45:31','2022-11-24 15:45:31'),
(9,'104','환불','주문한 상품이 품절인 경우, 환불은 어떻게 이루어지나요?','<p>주문하신 상품이 품절/절판인 경우는 상품준비가 불가능하기 때문에 보내드리기가 어려워 자동으로 주문취소가 됩니다. 주문시 사용 된 결제수단별로 환불되며, 결제수단별 자세한 환불방법은 아래와 같습니다.</p><p>&nbsp;</p><p><strong>&lt;결제수단별 환불안내&gt;</strong> <strong>(1)신용카드 (간편결제 포함)</strong> &nbsp;- 전체취소 : 카드사 매입전은 당일 취소 되며, 카드사 매입후는 카드사에 따라 2일~ 최대 2주(공휴일 제외) 소요 됩니다. - 부분취소 : 카드사 매입후 취소 처리 되며, 카드사에 따라 2일~ 최대 2주(공휴일 제외) 소요 됩니다.&nbsp;</p><p>(당일 부분취소한 경우도 동일함)</p><p>&nbsp;</p><p>&nbsp;※신용카드 부분취소 유의 사항 &nbsp;- 카드사 취소 처리 되는 시점에 카드사에서 취소 문자 전송됩니다. (단, 카드사 문자 신청한 경우만 전송됨) &nbsp;- 부분취소 불가한 경우 예치금으로 처리 될 수 있습니다.</p><p>: 카드사 포인트를 사용하여 결제한 경우 (롯데카드, 현대카드, 외환카드) &nbsp;&nbsp;&nbsp;&nbsp;</p><p>: 카드사 정책에 따라 부분취소 불가능한 카드 (기프트카드, 법인복지카드 등) &nbsp;- 카드사정책에 따라 할부거래에 대해 부분취소 후, 잔여금액이 5만 원 미만인 경우 할부유지 또는 일시불로 전환 됩니다.&nbsp;</p><p>:삼성: 기존할부 유지, 비씨 : 일시불로 전환 등 &nbsp;※ 법인카드는 예치금으로 환원됩니다.</p><p>&nbsp;</p><p><strong>(2)실시간계좌이체</strong> &nbsp;- 전체취소 : 승인한 당일 실시간계좌이체시 결제한 본인 계좌로 입금됩니다. &nbsp;- 부분취소 : 익일에 실시간계좌이체시 결제한 본인 계좌로 입금됩니다.</p>','관리자','2022-11-24 15:47:41','2022-11-24 15:47:41'),
(10,'104','환불','예치금 환불시, 본인의 명의의 계좌가 없으면 환불 받지 못하나요?','<p>고객님의 예치금을 안전하게 은행계좌로 환불해 드리기 위해 주문자, 입금자, 수령자 명의의 계좌로 환불이 가능하며, 환불받을 본인의 계좌가 없을 경우 관계 증빙서류를 제출하면 가족 계좌로 환불이 가능합니다. ( 가족관계 증빙서류 : 가족임을 증명할 수 있는 주민등록등본, 의료보험증 사본 등 )</p><p>&nbsp;</p><p>&nbsp;▣ 가족계좌 환불신청 방법 ① 1:1 상담 또는 고객센터(9999-9999)으로 가족계좌 환불 요청 ② 고객센터 팩스(0502-987-5711)로 관계 증빙서류 전송 - 관계 증빙서류를 보낸 후 고객센터로 연락을 주시거나 1:1상담 메일로 한번 더 글을 남겨 주시면 확인 후 환불신청 여부를 안내 받으실 수 있습니다.</p>','관리자','2022-11-24 15:49:04','2022-11-24 15:49:04'),
(11,'104','환불','휴대폰 소액결제는 어떻게 환불되나요?','<p>휴대폰 소액결제로 주문 후 취소/환불 방법은 아래와 같습니다.&nbsp;</p><p>&nbsp;</p><p>1.당월 결제 후 당월 환불 1) 전체 취소 : 휴대폰 결제 취소 (청구서 미반영) 2) 부분 취소 : 예치금 또는 고객계좌 환불 (청구서 반영)&nbsp;</p><p>2.당월 결제 후 익월 환불 1) 전체 취소 : 예치금 또는 고객계좌 환불 (청구서 반영) 2) 부분 취소 : 예치금 또는 고객계좌 환불 (청구서 반영)</p>','관리자','2022-11-24 15:49:50','2022-11-24 15:49:50'),
(12,'105','포인트','휴면계정 회원이 되면 포인트도 모두 삭제되나요?','<p><strong>삭제되지 않습니다.</strong><br>통합포인트의 경우는 유효기간이 1년이므로, 통합포인트가 남아있는 기간 동안은 대상에서 제외되나, 통합포인트 유효기간이 지난 시점에서도 계속 이용이 없으실 경우는 휴면계정 회원이 될 수 있습니다.</p><p>또한 예치금, 마일리지 등 회원 소유의 금권이 있는 경우는 휴면 기간과 상관없이 휴면계정 회원에서 제외됩니다.</p>','관리자','2022-11-24 16:10:12','2022-11-24 16:10:12'),
(13,'105','포인트','포인트를 사용해서 구매한 상품의 반품시 유효기간은 어떻게 되나요?','<p><strong>사용시 잔여 유효기간에 따라, 재적립 시에 재설정 됩니다.</strong></p><p>유효기간 마지막 날 사용하였을 경우에는 1일의 사용기한을 더 드립니다.</p><p>사용한 적립금의 유효기간이 여러 개인 경우 가장 긴 유효기간을 따라 환원됩니다.</p>','관리자','2022-11-24 16:11:19','2022-11-24 16:11:19'),
(14,'106','회원','탈퇴하면 개인정보는 모두 삭제되나요?','<p>회원탈퇴&nbsp;시점에&nbsp;고객님의&nbsp;개인정보는&nbsp;완전&nbsp;삭제되어&nbsp;재가입을&nbsp;해도&nbsp;구매내역&nbsp;확인이&nbsp;불가합니다.</p><p>단,&nbsp;상법&nbsp;및&nbsp;전자상거래&nbsp;등에서의&nbsp;소비자&nbsp;보호에&nbsp;관한&nbsp;법률&nbsp;등&nbsp;관련법령에&nbsp;의하여&nbsp;아래와&nbsp;같이&nbsp;거래&nbsp;관련&nbsp;권리&nbsp;의무&nbsp;관계의&nbsp;확인&nbsp;등을&nbsp;이유로&nbsp;일정기간&nbsp;보유하여야&nbsp;할&nbsp;필요가&nbsp;있을&nbsp;경우에는&nbsp;정해진&nbsp;기간&nbsp;동안&nbsp;보유&nbsp;후&nbsp;파기합니다.</p><p>&nbsp;</p><p><strong>거래&nbsp;관련&nbsp;보유&nbsp;기간</strong></p><p>•&nbsp;계약&nbsp;또는&nbsp;청약철회&nbsp;등에&nbsp;관한&nbsp;기록:&nbsp;5년</p><p>•&nbsp;대금&nbsp;결제&nbsp;및&nbsp;재화&nbsp;등의&nbsp;공급에&nbsp;관한&nbsp;기록:&nbsp;5년</p><p>•&nbsp;소비자의&nbsp;불만&nbsp;또는&nbsp;분쟁에&nbsp;관한&nbsp;기록:&nbsp;3년</p>','관리자','2022-11-24 16:12:03','2022-11-24 16:12:03'),
(15,'106','회원','본인 인증이 되지 않으면 어떻게 해야하나요?','<p>본인 확인 시 본인의 실명여부 확인을 하기 위해 신용정보의 이용 및 보호에 관한 법률에 따라 신용조회업 허가를 받은 NICE신용평가정보㈜의 신용정보자료를 참조하고 있습니다.</p><p>&nbsp;</p><p>본인이 실명임에도 정보가 일치하지 않는다면 NICE신용평가정보㈜ 네임체크(<a href=\"http://www.namecheck.co.xn--kr%29-7s4u/\">www.namecheck.co.kr)로</a> 문의하여 정상적인 실명인증 서비스를 받으실 수 있습니다.</p>','관리자','2022-11-24 16:13:27','2022-11-24 16:13:27');

/*Table structure for table `bloom_fcate` */

DROP TABLE IF EXISTS `bloom_fcate`;

CREATE TABLE `bloom_fcate` (
  `tier` int NOT NULL,
  `cateName` varchar(30) NOT NULL,
  `cateCode` varchar(30) NOT NULL,
  `cateParent` varchar(30) DEFAULT NULL,
  PRIMARY KEY (`cateCode`),
  KEY `cateParent` (`cateParent`),
  CONSTRAINT `bloom_fcate_ibfk_1` FOREIGN KEY (`cateParent`) REFERENCES `bloom_fcate` (`cateCode`)
) ENGINE=InnoDB DEFAULT CHARSET=utf8mb4 COLLATE=utf8mb4_0900_ai_ci;

/*Data for the table `bloom_fcate` */

insert  into `bloom_fcate`(`tier`,`cateName`,`cateCode`,`cateParent`) values 
(1,'전체','100',NULL),
(2,'주문','101','100'),
(2,'결제','102','100'),
(2,'교환','103','100'),
(2,'환불','104','100'),
(2,'포인트','105','100'),
(2,'회원','106','100');

/*Table structure for table `bloom_image` */

DROP TABLE IF EXISTS `bloom_image`;

CREATE TABLE `bloom_image` (
  `bookId` int DEFAULT NULL,
  `fileName` varchar(100) NOT NULL,
  `uploadPath` varchar(200) NOT NULL,
  `uuid` varchar(100) NOT NULL,
  PRIMARY KEY (`uuid`),
  KEY `bookId` (`bookId`),
  CONSTRAINT `bloom_image_ibfk_1` FOREIGN KEY (`bookId`) REFERENCES `bloom_book` (`bookId`)
) ENGINE=InnoDB DEFAULT CHARSET=utf8mb4 COLLATE=utf8mb4_0900_ai_ci;

/*Data for the table `bloom_image` */

insert  into `bloom_image`(`bookId`,`fileName`,`uploadPath`,`uuid`) values 
(32,'초역 니체의 말.jpg','2022\\07\\15','021d1c3f-bbdb-475d-ae73-d340eec2c35f'),
(77,'The Millionaire Fastlane.jpg','2022\\07\\18','03d75213-9151-4f88-9c36-2e2604574fba'),
(75,'Give and Take.jpg','2022\\07\\15','05db5398-24d5-4967-b377-c13cf00be5ef'),
(82,'Calculus.jpg','2022\\07\\18','06006461-577d-4301-8d92-8739ef449437'),
(10,'사양.jpg','2022\\07\\15','07360073-fc66-4657-8ef4-3a1fbcacb916'),
(65,'Proofs and Theories.jpg','2022\\07\\15','0f7e0223-5c01-4f1c-95fa-7abfd3fa4de6'),
(2,'검은 꽃.jpg','2022\\07\\14','0fc09109-40fc-44bc-8f9c-782d5b006cdc'),
(58,'아들러 성격 상담소.jpg','2022\\07\\15','13d36017-c00a-49d5-a79e-95d5e8e784ff'),
(70,'English Syntax and Argumentation.jpg','2022\\07\\15','141b5cc2-cd9f-4cbc-bc37-187205e02a8e'),
(53,'지금 하지 않으면 언제 하겠는가.jpg','2022\\07\\15','195d27c7-11b7-464d-9961-a0f7a2667a79'),
(43,'비하인드 도어.jpg','2022\\07\\15','1e0a4a04-2edd-4182-b26e-124ebd726cc6'),
(50,'제3물결.jpg','2022\\07\\15','1fe96613-a748-4a4e-aee1-9958f35fe6d0'),
(7,'흰.jpg','2022\\07\\14','2076ab0d-467d-4a37-8981-255653f2d002'),
(60,'부모와 아이 사이.jpg','2022\\07\\15','2161c1ee-b566-48d5-9c2d-b8af897153a0'),
(41,'식량위기 대한민국.jpg','2022\\07\\15','2224a4db-100f-46e3-aeeb-6f3eeb256431'),
(69,'Applied English Phonology.jpg','2022\\07\\15','22ef403d-c9d2-46e8-8e88-ba07f46f721a'),
(24,'뇌과학자는 영화에서 인간을 본다.jpg','2022\\07\\15','230c32f5-e5c0-4f6c-b282-ca7a513d4971'),
(34,'거의 모든 것의 역사.jpg','2022\\07\\15','26ebd473-1295-45a3-a580-0ae91afb44a8'),
(28,'빌 게이츠 넥스트 팬데믹을 대비하는 법.jpg','2022\\07\\15','29266722-0276-4b0a-9404-3d89bf1fa057'),
(63,'The Midnight Library.jpg','2022\\07\\15','29e9b7d0-23be-4c48-b67f-7ebf6fc97060'),
(44,'릴케 시집.jpg','2022\\07\\15','2a57d2fc-c199-4a65-8d30-639a9685ad7b'),
(64,'Pachinko.jpg','2022\\07\\15','2b96378d-9d46-4dad-b2d6-165adb4a27ca'),
(4,'살인자의 기억법.jpg','2022\\07\\14','2ff344fa-1e28-4409-8525-b460eacbae32'),
(42,'테라피스트.jpg','2022\\07\\15','306ca620-63b9-4088-8e2c-fb6112262cdb'),
(67,'Macbeth.jpg','2022\\07\\15','372981e0-f53f-408a-beb6-2dc1d2da2b8f'),
(26,'김상욱의 과학공부.jpg','2022\\07\\15','37e6ebff-bfbe-45e1-aa48-d652b020d43f'),
(14,'제로투원.jpg','2022\\07\\15','3941b702-351b-40c0-8f13-af21a3912857'),
(68,'Hamlet.jpg','2022\\07\\15','40f14671-9563-4a75-8bf1-1f18b97f529f'),
(39,'미적분으로 바라본 하루.jpg','2022\\07\\15','4385ec47-1d04-47f6-9561-16c1d8d2eee8'),
(11,'만년.jpg','2022\\07\\15','4842a6cc-5a27-4a45-846c-fa6619f79425'),
(3,'작별인사.jpg','2022\\07\\14','4c19c9d7-bae1-444e-a29d-363a07f0f3ac'),
(29,'가짜 민주주의가 온다.jpg','2022\\07\\15','4e125257-d073-4225-95b4-ebddd46cfd4e'),
(54,'화성에서 온 남자 금성에서 온 여자.jpg','2022\\07\\15','52012aa7-17a8-4804-b8a9-ac35755937d8'),
(45,'악의 꽃.jpg','2022\\07\\15','5c7f0edb-f7bc-4e7a-ade3-b3579f33da11'),
(12,'하늘과 바람과 별과 시.jpg','2022\\07\\15','5fa1aea3-0cd0-4215-bb3f-d38098cd561e'),
(20,'총 균 쇠.jpg','2022\\07\\15','69dae848-44d1-4793-92b3-7ca079672e0b'),
(9,'인간 실격.jpg','2022\\07\\14','6b9b7f75-b75b-4317-ac9a-ad37d83a2b9a'),
(23,'이기적 유전자.jpg','2022\\07\\15','6ccc7b70-39b4-426a-9dc5-43b9b5b54d2e'),
(73,'Think Again.jpg','2022\\07\\15','6d884ad2-e92f-465d-a00f-45ac27c4b6e6'),
(48,'피터 드러커 매니지먼트.jpg','2022\\07\\15','7028bb50-3f79-4a64-ad2d-3d26b1d5f8b9'),
(38,'기하학 세상을 설명하다.jpg','2022\\07\\15','7073dc65-59ac-4182-a958-40b54689aa84'),
(35,'메트로폴리스.jpg','2022\\07\\15','71f8970c-7dc7-4a7f-b9ae-850cb6510171'),
(74,'Originals.jpg','2022\\07\\15','764b22fc-bbb9-4036-9f6d-15bbbea3eb0b'),
(57,'기시미 이치로의 삶과 죽음.jpg','2022\\07\\15','7860196f-de08-4428-9fde-2cf00055f76d'),
(19,'나는 둔감하게 살기로 했다.jpg','2022\\07\\15','7c68bdfe-f8a7-4e53-b845-94bc156e9bbb'),
(81,'Clouds in a Glass of Beer.jpg','2022\\07\\18','7c94735a-c2a9-42cf-9132-037319daebe8'),
(80,'Halliday.jpg','2022\\07\\18','8cd25c0d-c8ba-40d2-be46-a438e52f800f'),
(27,'떨림과 울림.jpg','2022\\07\\15','8f00e4fb-0425-4d33-a34f-0c3660cdbae9'),
(5,'소년이 온다.jpg','2022\\07\\14','93f7262d-619a-4742-a210-715ad1784163'),
(66,'American Originality Essays on Poetry.jpg','2022\\07\\15','95ff89ee-f4f2-489c-9b6f-113be7687057'),
(25,'열두 발자국.jpg','2022\\07\\15','995b61f3-c9a4-4438-bdd5-61489a76a497'),
(8,'검은 사슴.jpg','2022\\07\\14','9b0118a5-c450-47b9-b1a3-fa6ec49399e6'),
(78,'Energy in Nature and Society.jpg','2022\\07\\18','9bac09a7-0c1b-4807-94a4-3c9ea8e0ef58'),
(52,'타이탄의 도구들.jpg','2022\\07\\15','a81a6d46-9726-4bf2-a795-1853f11d705c'),
(83,'Essential Calculus.jpg','2022\\07\\18','a9d92c3a-1775-4d3c-b49b-338eaffa6d0b'),
(62,'퀀텀.jpg','2022\\07\\15','aa04b92a-7a6d-410b-8db4-7054cc0ffc2c'),
(16,'더 시스템.jpg','2022\\07\\15','ab0cd1ee-5e5d-4e2c-b28f-d570e4453beb'),
(22,'코스모스.jpg','2022\\07\\15','ac8da926-f0e2-4e1d-9bac-58f1613b1ec9'),
(61,'인피니티.jpg','2022\\07\\15','ad28df01-fc91-4d92-880d-7ccfa2766c99'),
(71,'Rethinking Life and Death.jpg','2022\\07\\15','b28363a5-a6ef-4653-b9ff-73eddfde5d5d'),
(56,'불안의 철학.jpg','2022\\07\\15','b8ac33a9-3c1e-41f4-ad2a-7587c9145da8'),
(40,'지정학의 힘.jpg','2022\\07\\15','bac258ab-371f-4098-944e-9a1e44631d5c'),
(49,'피터 드러커 자기경영노트.jpg','2022\\07\\15','bd91759c-3d71-46b8-822b-169dbf9f1dab'),
(37,'합스부르크, 세계를 지배하다.jpg','2022\\07\\15','bdee8246-c3b5-49ee-a1fa-45d19ebc9605'),
(21,'재레드 다이아몬드의 나와 세계.jpg','2022\\07\\15','c1ef6caf-6a5e-4023-ada4-711806ef959c'),
(30,'피에 젖은 땅.jpg','2022\\07\\15','c4da1e66-197c-4272-af6d-6a617312948d'),
(79,'How the World Really Works.jpg','2022\\07\\18','c5543ff8-b511-4b54-9afa-1c2cca1282f9'),
(76,'The Psychology of Money.jpg','2022\\07\\18','c9008181-1f8a-48a1-8b83-285880760d54'),
(1,'오직 두 사람.jpg','2022\\07\\14','cb4fc5a7-abc9-48af-ab0d-db8214c3cd11'),
(13,'앨빈 토플러 부의 미래.jpg','2022\\07\\15','cde955f6-4708-4adc-97fd-6961027215d1'),
(33,'세상에서 가장 짧은 한국사.jpg','2022\\07\\15','d0a60497-f2ee-4769-98ba-3174ead38953'),
(18,'정의란 무엇인가.jpg','2022\\07\\15','d2a4d8fd-b914-4ed1-804a-3b027cf8ac26'),
(47,'다다다.jpg','2022\\07\\15','d35b600f-d9ba-4608-af82-1af371462a80'),
(36,'세계사를 바꾼 커피 이야기.jpg','2022\\07\\15','d6917ece-77cd-4e9c-a197-d46d50846311'),
(59,'교사와 학생 사이.jpg','2022\\07\\15','d6ac7547-7fa9-4cda-bb64-11c825c8bc40'),
(72,'Ethics in the Real World.jpg','2022\\07\\15','d82764f6-b2ba-4c65-92ff-610b498d9a68'),
(46,'오래 준비해온 대답.jpg','2022\\07\\15','da048577-4469-4610-a44d-13301a284aa9'),
(15,'데일 카네기 인간관계론.jpg','2022\\07\\15','de6bdc2a-f7e7-4b06-8dad-b9e93be6d4ff'),
(6,'바람이 분다 가라.jpg','2022\\07\\14','ea18ca8f-f036-475d-b4a4-637f5f1d0e9c'),
(17,'사피엔스.jpg','2022\\07\\15','ea9e87e4-ae8d-41db-9d5f-17988c579bed'),
(55,'화성 남자와 금성 여자를 넘어서.jpg','2022\\07\\15','f1bdb52e-b738-46e7-8fb5-1b9a5331b1d9'),
(31,'군주론.jpg','2022\\07\\15','f4a3b53c-9e92-4134-9262-a5ee2e9122f5'),
(51,'나는 4시간만 일한다.jpg','2022\\07\\15','fee3f46c-105f-4b16-b10e-3bae6353f365');

/*Table structure for table `bloom_member` */

DROP TABLE IF EXISTS `bloom_member`;

CREATE TABLE `bloom_member` (
  `memberId` varchar(50) NOT NULL,
  `memberPw` varchar(100) NOT NULL,
  `memberName` varchar(30) NOT NULL,
  `memberMail` varchar(100) NOT NULL,
  `memberAddr1` varchar(100) NOT NULL,
  `memberAddr2` varchar(100) NOT NULL,
  `memberAddr3` varchar(100) NOT NULL,
  `adminCk` int NOT NULL,
  `regDate` timestamp NULL DEFAULT CURRENT_TIMESTAMP,
  `money` int NOT NULL,
  `point` int NOT NULL,
  PRIMARY KEY (`memberId`)
) ENGINE=InnoDB DEFAULT CHARSET=utf8mb4 COLLATE=utf8mb4_0900_ai_ci;

/*Data for the table `bloom_member` */

insert  into `bloom_member`(`memberId`,`memberPw`,`memberName`,`memberMail`,`memberAddr1`,`memberAddr2`,`memberAddr3`,`adminCk`,`regDate`,`money`,`point`) values 
('admin','$2a$10$Ecq4SkoxQO6kjVYxGBWtPO2IXrpIBtxrEesdbah8CffdPR4tfjA/q','관리자','ksk8554@naver.com','25423','강원 강릉시 주문진읍 매맥이윗길 15 (센텀파크디오션 아파트)','101동 1701호',1,'2022-11-30 15:42:45',88000,5450),
('ain','$2a$10$ScNJV05UhE4dwTdwhiCnkOEQCdbtHT1lq2kOWO3xezVeDMzPGfjKe','조아인','ksk8554@naver.com','48084','부산 해운대구 대천로67번길 43-18 (좌동, 해운대동원듀크빌리지3차)','101동 1501호',0,'2022-11-30 20:16:03',100000,5000),
('daram','$2a$10$YxJwfIipnTxfrlnbLFGqoOK7q75vNDyBJnHGJFjry4wECho33OKo6','문다람','ksk8554@naver.com','63214','제주특별자치도 제주시 가령로 5-1 (이도이동)','101동 301호',0,'2022-12-06 19:53:10',100000,5000),
('doyoon','$2a$10$nVnE/L6SwHHGONDUXsfXyeAahyJ5TFDIvJmYThImWkNJm5UF5bz2m','김도윤','ksk8554@naver.com','48075','부산 해운대구 대천로103번길 61 (좌동, 엘지아파트)','104동 1602호',0,'2022-11-30 16:14:16',100000,5000),
('gayoon','$2a$10$t1MbUZWLIOu2AY6gBuAGseAvrbrZ8W0TY01NKsZCHdN68dCVJpp3e','서가윤','ksk8554@naver.com','48084','부산 해운대구 대천로67번길 41 (좌동, 해운대동원듀크빌리지)','103동 1202호',0,'2022-11-30 20:14:35',100000,5000),
('hayoon','$2a$10$L87NDR9TaHkbaFibtDH7iODwq10/vzPBDRCSeufmramMj4/LouY36','지하윤','ksk8554@naver.com','48078','부산 해운대구 대천로103번길 9 (좌동, 대림2차아파트)','103동 2201호',0,'2022-11-30 16:15:41',100000,5000),
('jian','$2a$10$OK1Uy9ogwBNT7fmqJIzFkuLoygeuD8fRBY8R5sJwYg1rrdXXXBS.q','강지안','ksk8554@naver.com','48078','부산 해운대구 대천로103번길 9 (좌동, 대림2차아파트)','102동 1702호',0,'2022-11-30 16:17:34',100000,5000),
('jin','$2a$10$5R7DjKCYhnd7at46nl8XGeg9/oIVmtSstCnU89sDt8csQyFyz1LJq','유진','ksk8554@naver.com','48075','부산 해운대구 대천로103번길 61 (좌동, 엘지아파트)','101동 1101호',0,'2022-11-30 16:19:05',100000,5000),
('jiwon','$2a$10$pf2Xya3PLxN5IdFI7cy6hekIj3FH/KFZSQnXJWB/f0lS2OZRNW1I6','이지원','ksk8554@naver.com','48078','부산 해운대구 대천로103번길 9 (좌동, 대림2차아파트)','108동 1701호',0,'2022-11-30 16:13:02',100000,5000),
('jiwoo','$2a$10$0lHtgy9HPDRWz4LCxguoHeQ6vNyCMPSJ2LHxfYFun4O39X9Cj15w2','권지우','ksk8554@naver.com','48078','부산 해운대구 대천로103번길 9 (좌동, 대림2차아파트)','103동 902호',0,'2022-11-30 16:18:18',100000,5000),
('riwon','$2a$10$nKNAqIDpa9Cw02ODOjIDsOtb0ZV87YoQp2oca/zXwec1HU8yDyGlK','최리원','ksk8554@naver.com','48075','부산 해운대구 대천로103번길 61 (좌동, 엘지아파트)','106동 1601호',0,'2022-11-30 16:20:00',100000,5000),
('san','$2a$10$7GEpcCP.tq42hIQkr85mi.w50QMV6mN5pagqfb4jol8FfQxei3A6C','이산','ksk8554@naver.com','48075','부산 해운대구 대천로103번길 61 (좌동, 엘지아파트)','109동 602호',0,'2022-11-30 16:23:36',100000,5000),
('seojun','$2a$10$I3IMeDWfArnTlduXQDgjHuNtNvZgk4mVOhSlag5xxLstju0jGdupu','차서준','ksk8554@naver.com','48075','부산 해운대구 대천로103번길 61 (좌동, 엘지아파트)','104동 1502호',0,'2022-11-30 16:21:17',100000,5000),
('siwoo','$2a$10$2.3HU63aDM2M8rIeoAg9DONIBai6p0rr5dIyXq/UDtsXYdMJHfUEO','최시우','ksk8554@naver.com','48083','부산 해운대구 대천로67번길 15 (좌동, 신성아파트)','101동 502호',0,'2022-11-30 20:13:30',100000,5000),
('woojae','$2a$10$Qe6Ql4VOxGHjOOPXNji9MuQfCwrO7Ow0paFB1K7I17ICHO.clNmI.','장우재','ksk8554@naver.com','48078','부산 해운대구 대천로103번길 9 (좌동, 대림2차아파트)','102동 2002호',0,'2022-11-30 16:16:37',100000,5000),
('yuna','$2a$10$Ky.QLCyJzE5lz6cjdM4Yee9ZLBbUahbxckERsNIPCITjYDhSwRPku','서유나','ksk8554@naver.com','48075','부산 해운대구 대천로103번길 61 (좌동, 엘지아파트)','107동 1702호',0,'2022-11-30 16:22:34',100000,5000);

/*Table structure for table `bloom_nation` */

DROP TABLE IF EXISTS `bloom_nation`;

CREATE TABLE `bloom_nation` (
  `nationId` varchar(2) NOT NULL,
  `nationName` varchar(50) DEFAULT NULL,
  PRIMARY KEY (`nationId`)
) ENGINE=InnoDB DEFAULT CHARSET=utf8mb4 COLLATE=utf8mb4_0900_ai_ci;

/*Data for the table `bloom_nation` */

insert  into `bloom_nation`(`nationId`,`nationName`) values 
('01','국내'),
('02','국외');

/*Table structure for table `bloom_order` */

DROP TABLE IF EXISTS `bloom_order`;

CREATE TABLE `bloom_order` (
  `orderId` varchar(50) NOT NULL,
  `addressee` varchar(50) NOT NULL,
  `memberId` varchar(50) DEFAULT NULL,
  `memberAddr1` varchar(100) NOT NULL,
  `memberAddr2` varchar(100) NOT NULL,
  `memberAddr3` varchar(100) NOT NULL,
  `orderState` varchar(30) NOT NULL,
  `deliveryCost` int NOT NULL,
  `usePoint` int NOT NULL,
  `orderDate` timestamp NULL DEFAULT CURRENT_TIMESTAMP,
  PRIMARY KEY (`orderId`),
  KEY `memberId` (`memberId`),
  CONSTRAINT `bloom_order_ibfk_1` FOREIGN KEY (`memberId`) REFERENCES `bloom_member` (`memberId`)
) ENGINE=InnoDB DEFAULT CHARSET=utf8mb4 COLLATE=utf8mb4_0900_ai_ci;

/*Data for the table `bloom_order` */

insert  into `bloom_order`(`orderId`,`addressee`,`memberId`,`memberAddr1`,`memberAddr2`,`memberAddr3`,`orderState`,`deliveryCost`,`usePoint`,`orderDate`) values 
('admin_2022120613','관리자','admin','25423','강원 강릉시 주문진읍 매맥이윗길 15 (센텀파크디오션 아파트)','101동 1701호','배송준비',3000,0,'2022-12-06 21:13:53');

/*Table structure for table `bloom_orderitem` */

DROP TABLE IF EXISTS `bloom_orderitem`;

CREATE TABLE `bloom_orderitem` (
  `orderItemId` int NOT NULL AUTO_INCREMENT,
  `orderId` varchar(50) DEFAULT NULL,
  `bookId` int DEFAULT NULL,
  `bookCount` int NOT NULL,
  `bookPrice` int NOT NULL,
  `bookDiscount` int NOT NULL,
  `savePoint` int NOT NULL,
  PRIMARY KEY (`orderItemId`),
  KEY `orderId` (`orderId`),
  KEY `bookId` (`bookId`),
  CONSTRAINT `bloom_orderitem_ibfk_1` FOREIGN KEY (`orderId`) REFERENCES `bloom_order` (`orderId`),
  CONSTRAINT `bloom_orderitem_ibfk_2` FOREIGN KEY (`bookId`) REFERENCES `bloom_book` (`bookId`)
) ENGINE=InnoDB AUTO_INCREMENT=2 DEFAULT CHARSET=utf8mb4 COLLATE=utf8mb4_0900_ai_ci;

/*Data for the table `bloom_orderitem` */

insert  into `bloom_orderitem`(`orderItemId`,`orderId`,`bookId`,`bookCount`,`bookPrice`,`bookDiscount`,`savePoint`) values 
(1,'admin_2022120613',4,1,10000,0,450);

/*Table structure for table `bloom_reply` */

DROP TABLE IF EXISTS `bloom_reply`;

CREATE TABLE `bloom_reply` (
  `replyId` int NOT NULL AUTO_INCREMENT,
  `bookId` int NOT NULL,
  `memberId` varchar(50) NOT NULL,
  `regDate` timestamp NULL DEFAULT CURRENT_TIMESTAMP,
  `content` varchar(3500) DEFAULT NULL,
  `rating` decimal(2,1) NOT NULL,
  PRIMARY KEY (`replyId`),
  UNIQUE KEY `bookId` (`bookId`,`memberId`),
  KEY `memberId` (`memberId`),
  CONSTRAINT `bloom_reply_ibfk_1` FOREIGN KEY (`memberId`) REFERENCES `bloom_member` (`memberId`),
  CONSTRAINT `bloom_reply_ibfk_2` FOREIGN KEY (`bookId`) REFERENCES `bloom_book` (`bookId`)
) ENGINE=InnoDB DEFAULT CHARSET=utf8mb4 COLLATE=utf8mb4_0900_ai_ci;

/*Data for the table `bloom_reply` */

/*!40101 SET SQL_MODE=@OLD_SQL_MODE */;
/*!40014 SET FOREIGN_KEY_CHECKS=@OLD_FOREIGN_KEY_CHECKS */;
/*!40014 SET UNIQUE_CHECKS=@OLD_UNIQUE_CHECKS */;
/*!40111 SET SQL_NOTES=@OLD_SQL_NOTES */;
