<?xml version="1.0" encoding="UTF-8"?>
<!DOCTYPE mapper
  PUBLIC "-//mybatis.org//DTD Mapper 3.0//EN"
  "http://mybatis.org/dtd/mybatis-3-mapper.dtd">
  <mapper namespace="com.kim.bloom.mapper.AuthorMapper">
  
     <insert id="authorEnroll">
         insert into bloom_author(authorName, nationId, authorIntro) values(#{authorName}, #{nationId}, #{authorIntro})
     </insert>
     
     <select id="authorGetList" resultType="com.kim.bloom.model.AuthorVO">
     	
     	select authorId, authorName, nationId, authorIntro, regDate, updateDate
     	from bloom_author
     	
     	<if test="keyword != null">
     		where authorName like concat('%', #{keyword}, '%')
     	</if>
     	
     	order by authorId desc limit #{skip}, #{amount} 
     	<!--limit 테이블 데이터 조회 시 한계를 지정할 수 있다 , #{skip}시작행, #{amount}갯수 -->
     	
     </select>
     
     <select id="authorGetTotal" resultType="int">
     	select count(*) from bloom_author
     	
     	<if test="keyword != null">
     		where authorName like concat('%',#{keyword},'%')
     	</if>
     		
     </select>
     
     <select id="authorGetDetail" resultType="com.kim.bloom.model.AuthorVO">
     	select * from bloom_author where authorId = #{authorId}
     </select>
     
     <update id="authorModify">
     	update bloom_author set authorName = #{authorName}, nationId = #{nationId}, authorIntro = #{authorIntro}, updateDate = now()
     	where authorId = #{authorId}
     </update>
     
     <!-- 작가 삭제 -->
     <delete id="authorDelete">
     	delete from bloom_author where authorId = #{authorId}
     </delete>
      
  </mapper>