<?xml version="1.0" encoding="UTF-8"?>
<!DOCTYPE mapper
  PUBLIC "-//mybatis.org//DTD Mapper 3.0//EN"
  "http://mybatis.org/dtd/mybatis-3-mapper.dtd">
  <mapper namespace="com.kim.bloom.mapper.MemberMapper">
  
  	<insert id="memberJoin">
  		insert into bloom_member 
		values(#{memberId},#{memberPw},#{memberName},#{memberMail},
		#{memberAddr1},#{memberAddr2},#{memberAddr3}, 0, now(), 100000, 5000)
  	</insert>
  
  	<select id="idCheck" resultType="int">
  		select count(*) from bloom_member where memberId = #{memberId}
  	</select>
  	
  	<select id="memberLogin" resultType="com.kim.bloom.model.MemberVO">
  		select memberId, memberPw, memberName, adminCk, money, point 
		from bloom_member where memberId = #{memberId}
  	</select>
  	
  	<select id="getMemberInfo" resultType="com.kim.bloom.model.MemberVO">
  		select memberId, memberName, memberMail, memberAddr1 ,memberAddr2, memberAddr3, money, point 
		from bloom_member where memberId = #{memberId}
  	</select>
  	
  </mapper>