<?xml version="1.0" encoding="UTF-8"?>
<!DOCTYPE mapper
  PUBLIC "-//mybatis.org//DTD Mapper 3.0//EN"
  "http://mybatis.org/dtd/mybatis-3-mapper.dtd">
  
  <mapper namespace="com.kim.bloom.mapper.ReplyMapper">
  	
  	<insert id="enrollReply">
  		insert into bloom_reply(bookId, memberId, content, rating) values(#{bookId}, #{memberId}, #{content}, #{rating}) 
  	</insert>
  	
  	<select id="checkReply" resultType="integer">
  		select replyId from bloom_reply where memberId = #{memberId} and bookId = #{bookId}
  	</select>
  	
  	<select id="getReplyList" resultType="com.kim.bloom.model.ReplyDTO">
  		select replyId, bookId, memberId, content, rating, regDate from bloom_reply 
  		where bookId = #{bookId} order by regDate desc 
  		limit #{skip}, #{amount} 
  	</select>
  	
  	<select id="getReplyTotal" resultType="int">
  		select count(*) from bloom_reply where bookId = #{bookId}
  	</select>
  	
  	<update id="updateReply">
  		update bloom_reply set content = #{content}, rating = #{rating} where replyId = #{replyId}
  	</update>
  	
  	<select id="getUpdateReply" resultType="com.kim.bloom.model.ReplyDTO">
  		select * from bloom_reply where replyId = #{replyId}
  	</select>
  	
  	<delete id="deleteReply">
  		delete from bloom_reply where replyId = #{replyId}
  	</delete>
  	
  	<select id="getRatingAverage" resultType="double">
  		select avg(rating) from bloom_reply where bookId = #{bookId}
  	</select>
  	
  	<update id="updateRating">
  		update bloom_book set ratingAvg = #{ratingAvg} where bookId = #{bookId}
  	</update>
  	
  </mapper>